-- phpMyAdmin SQL Dump
-- version 4.9.5deb2
-- https://www.phpmyadmin.net/
--
-- Host: localhost:3306
-- Generation Time: Jan 11, 2021 at 11:33 AM
-- Server version: 8.0.22-0ubuntu0.20.04.3
-- PHP Version: 7.3.18-1+ubuntu19.10.1+deb.sury.org+1

SET SQL_MODE = "NO_AUTO_VALUE_ON_ZERO";
SET AUTOCOMMIT = 0;
START TRANSACTION;
SET time_zone = "+00:00";


/*!40101 SET @OLD_CHARACTER_SET_CLIENT=@@CHARACTER_SET_CLIENT */;
/*!40101 SET @OLD_CHARACTER_SET_RESULTS=@@CHARACTER_SET_RESULTS */;
/*!40101 SET @OLD_COLLATION_CONNECTION=@@COLLATION_CONNECTION */;
/*!40101 SET NAMES utf8mb4 */;

--
-- Database: `capipayroll`
--

-- --------------------------------------------------------

--
-- Table structure for table `account_lists`
--

CREATE TABLE `account_lists` (
  `id` bigint UNSIGNED NOT NULL,
  `account_name` varchar(255) COLLATE utf8mb4_unicode_ci NOT NULL,
  `initial_balance` double NOT NULL DEFAULT '0',
  `account_number` varchar(255) COLLATE utf8mb4_unicode_ci NOT NULL,
  `branch_code` varchar(255) COLLATE utf8mb4_unicode_ci NOT NULL,
  `bank_branch` varchar(255) COLLATE utf8mb4_unicode_ci NOT NULL,
  `created_by` varchar(255) COLLATE utf8mb4_unicode_ci NOT NULL,
  `created_at` timestamp NULL DEFAULT NULL,
  `updated_at` timestamp NULL DEFAULT NULL
) ENGINE=InnoDB DEFAULT CHARSET=utf8mb4 COLLATE=utf8mb4_unicode_ci;

-- --------------------------------------------------------

--
-- Table structure for table `allowances`
--

CREATE TABLE `allowances` (
  `id` bigint UNSIGNED NOT NULL,
  `employee_id` int NOT NULL,
  `allowance_option` int NOT NULL,
  `title` varchar(255) COLLATE utf8mb4_unicode_ci NOT NULL,
  `amount` text COLLATE utf8mb4_unicode_ci NOT NULL,
  `created_by` int NOT NULL,
  `created_at` timestamp NULL DEFAULT NULL,
  `updated_at` timestamp NULL DEFAULT NULL
) ENGINE=InnoDB DEFAULT CHARSET=utf8mb4 COLLATE=utf8mb4_unicode_ci;

--
-- Dumping data for table `allowances`
--

INSERT INTO `allowances` (`id`, `employee_id`, `allowance_option`, `title`, `amount`, `created_by`, `created_at`, `updated_at`) VALUES
(1, 179, 1, 'Nil', '17000', 2, '2020-11-26 11:21:45', '2020-11-26 11:21:45'),
(2, 179, 1, 'Nil', '160.14', 2, '2020-11-26 13:02:49', '2020-11-26 13:02:49'),
(3, 270, 1, 'Nil', '300.00', 2, '2020-12-08 12:09:55', '2020-12-08 12:09:55');

-- --------------------------------------------------------

--
-- Table structure for table `allowance_options`
--

CREATE TABLE `allowance_options` (
  `id` bigint UNSIGNED NOT NULL,
  `name` varchar(255) COLLATE utf8mb4_unicode_ci NOT NULL,
  `created_by` int NOT NULL,
  `created_at` timestamp NULL DEFAULT NULL,
  `updated_at` timestamp NULL DEFAULT NULL
) ENGINE=InnoDB DEFAULT CHARSET=utf8mb4 COLLATE=utf8mb4_unicode_ci;

--
-- Dumping data for table `allowance_options`
--

INSERT INTO `allowance_options` (`id`, `name`, `created_by`, `created_at`, `updated_at`) VALUES
(1, 'Allowance 1', 2, '2020-11-26 11:21:12', '2020-11-26 11:21:12');

-- --------------------------------------------------------

--
-- Table structure for table `announcements`
--

CREATE TABLE `announcements` (
  `id` bigint UNSIGNED NOT NULL,
  `title` varchar(255) COLLATE utf8mb4_unicode_ci NOT NULL,
  `start_date` date NOT NULL,
  `end_date` date NOT NULL,
  `branch_id` int NOT NULL,
  `department_id` varchar(255) COLLATE utf8mb4_unicode_ci NOT NULL,
  `employee_id` varchar(255) COLLATE utf8mb4_unicode_ci NOT NULL,
  `description` varchar(255) COLLATE utf8mb4_unicode_ci NOT NULL,
  `created_by` int NOT NULL,
  `created_at` timestamp NULL DEFAULT NULL,
  `updated_at` timestamp NULL DEFAULT NULL
) ENGINE=InnoDB DEFAULT CHARSET=utf8mb4 COLLATE=utf8mb4_unicode_ci;

--
-- Dumping data for table `announcements`
--

INSERT INTO `announcements` (`id`, `title`, `start_date`, `end_date`, `branch_id`, `department_id`, `employee_id`, `description`, `created_by`, `created_at`, `updated_at`) VALUES
(1, 'Test', '2020-12-02', '2020-12-02', 0, '[\"0\"]', '[\"0\"]', 'whdhah', 2, '2020-12-02 11:02:50', '2020-12-02 11:02:50'),
(2, 'kufguiiewfkwe ekfnoefnavzv', '2020-12-09', '2020-12-10', 0, '[\"0\"]', '[\"0\"]', 'jkkkkkkkkkkk', 2, '2020-12-09 09:55:12', '2020-12-09 09:55:12'),
(3, 'Easy-Mining', '2020-12-09', '2020-12-09', 1, '[\"1\"]', '[\"270\"]', 'hssssss', 2, '2020-12-09 10:04:02', '2020-12-09 10:04:02'),
(4, 'Everybody', '2020-12-09', '2020-12-09', 0, '[\"0\"]', '[\"0\"]', 'ssssssssssssss', 2, '2020-12-09 10:17:40', '2020-12-09 10:17:40'),
(5, 'Qua', '2020-12-09', '2020-12-09', 1, '[\"0\"]', '[\"179\"]', 'abbbbbbbbbbbbb', 2, '2020-12-09 10:18:14', '2020-12-09 10:18:14'),
(6, 'Test 2', '2020-12-09', '2020-12-09', 0, '[\"0\"]', '[\"0\"]', 'vvvvvvvvvvvvv', 2, '2020-12-09 10:28:16', '2020-12-09 10:28:16'),
(7, 'Settings', '2020-12-09', '2020-12-09', 1, '[\"1\"]', '[\"248\"]', 'vvvvvvvvvvvv', 2, '2020-12-09 10:28:48', '2020-12-09 10:28:48'),
(8, 'Invoice', '2020-12-09', '2020-12-09', 0, '[\"0\"]', '[\"0\"]', 'bb', 2, '2020-12-09 10:39:52', '2020-12-09 10:39:52'),
(9, 'asbabb', '2020-12-09', '2020-12-12', 0, '[\"0\"]', '[\"0\"]', 'sqbxabxnan', 2, '2020-12-09 10:43:40', '2020-12-09 10:43:40');

-- --------------------------------------------------------

--
-- Table structure for table `announcement_employees`
--

CREATE TABLE `announcement_employees` (
  `id` bigint UNSIGNED NOT NULL,
  `announcement_id` int NOT NULL,
  `employee_id` int NOT NULL,
  `created_by` int NOT NULL,
  `created_at` timestamp NULL DEFAULT NULL,
  `updated_at` timestamp NULL DEFAULT NULL
) ENGINE=InnoDB DEFAULT CHARSET=utf8mb4 COLLATE=utf8mb4_unicode_ci;

--
-- Dumping data for table `announcement_employees`
--

INSERT INTO `announcement_employees` (`id`, `announcement_id`, `employee_id`, `created_by`, `created_at`, `updated_at`) VALUES
(1, 1, 179, 2, '2020-12-02 11:02:50', '2020-12-02 11:02:50'),
(2, 1, 180, 2, '2020-12-02 11:02:50', '2020-12-02 11:02:50'),
(3, 1, 181, 2, '2020-12-02 11:02:51', '2020-12-02 11:02:51'),
(4, 1, 182, 2, '2020-12-02 11:02:51', '2020-12-02 11:02:51'),
(5, 1, 183, 2, '2020-12-02 11:02:51', '2020-12-02 11:02:51'),
(6, 1, 184, 2, '2020-12-02 11:02:52', '2020-12-02 11:02:52'),
(7, 1, 185, 2, '2020-12-02 11:02:52', '2020-12-02 11:02:52'),
(8, 1, 186, 2, '2020-12-02 11:02:52', '2020-12-02 11:02:52'),
(9, 1, 187, 2, '2020-12-02 11:02:52', '2020-12-02 11:02:52'),
(10, 1, 188, 2, '2020-12-02 11:02:53', '2020-12-02 11:02:53'),
(11, 1, 189, 2, '2020-12-02 11:02:53', '2020-12-02 11:02:53'),
(12, 1, 190, 2, '2020-12-02 11:02:53', '2020-12-02 11:02:53'),
(13, 1, 191, 2, '2020-12-02 11:02:54', '2020-12-02 11:02:54'),
(14, 1, 192, 2, '2020-12-02 11:02:54', '2020-12-02 11:02:54'),
(15, 1, 193, 2, '2020-12-02 11:02:54', '2020-12-02 11:02:54'),
(16, 1, 194, 2, '2020-12-02 11:02:54', '2020-12-02 11:02:54'),
(17, 1, 195, 2, '2020-12-02 11:02:54', '2020-12-02 11:02:54'),
(18, 1, 196, 2, '2020-12-02 11:02:54', '2020-12-02 11:02:54'),
(19, 1, 197, 2, '2020-12-02 11:02:54', '2020-12-02 11:02:54'),
(20, 1, 198, 2, '2020-12-02 11:02:55', '2020-12-02 11:02:55'),
(21, 1, 199, 2, '2020-12-02 11:02:55', '2020-12-02 11:02:55'),
(22, 1, 200, 2, '2020-12-02 11:02:55', '2020-12-02 11:02:55'),
(23, 1, 201, 2, '2020-12-02 11:02:55', '2020-12-02 11:02:55'),
(24, 1, 202, 2, '2020-12-02 11:02:55', '2020-12-02 11:02:55'),
(25, 1, 203, 2, '2020-12-02 11:02:55', '2020-12-02 11:02:55'),
(26, 1, 204, 2, '2020-12-02 11:02:55', '2020-12-02 11:02:55'),
(27, 1, 205, 2, '2020-12-02 11:02:56', '2020-12-02 11:02:56'),
(28, 1, 206, 2, '2020-12-02 11:02:56', '2020-12-02 11:02:56'),
(29, 1, 207, 2, '2020-12-02 11:02:56', '2020-12-02 11:02:56'),
(30, 1, 208, 2, '2020-12-02 11:02:56', '2020-12-02 11:02:56'),
(31, 1, 209, 2, '2020-12-02 11:02:56', '2020-12-02 11:02:56'),
(32, 1, 210, 2, '2020-12-02 11:02:56', '2020-12-02 11:02:56'),
(33, 1, 211, 2, '2020-12-02 11:02:57', '2020-12-02 11:02:57'),
(34, 1, 212, 2, '2020-12-02 11:02:57', '2020-12-02 11:02:57'),
(35, 1, 213, 2, '2020-12-02 11:02:57', '2020-12-02 11:02:57'),
(36, 1, 214, 2, '2020-12-02 11:02:57', '2020-12-02 11:02:57'),
(37, 1, 215, 2, '2020-12-02 11:02:57', '2020-12-02 11:02:57'),
(38, 1, 216, 2, '2020-12-02 11:02:58', '2020-12-02 11:02:58'),
(39, 1, 217, 2, '2020-12-02 11:02:58', '2020-12-02 11:02:58'),
(40, 1, 218, 2, '2020-12-02 11:02:58', '2020-12-02 11:02:58'),
(41, 1, 219, 2, '2020-12-02 11:02:58', '2020-12-02 11:02:58'),
(42, 1, 220, 2, '2020-12-02 11:02:58', '2020-12-02 11:02:58'),
(43, 1, 221, 2, '2020-12-02 11:02:59', '2020-12-02 11:02:59'),
(44, 1, 222, 2, '2020-12-02 11:02:59', '2020-12-02 11:02:59'),
(45, 1, 223, 2, '2020-12-02 11:03:00', '2020-12-02 11:03:00'),
(46, 1, 224, 2, '2020-12-02 11:03:00', '2020-12-02 11:03:00'),
(47, 1, 225, 2, '2020-12-02 11:03:00', '2020-12-02 11:03:00'),
(48, 1, 226, 2, '2020-12-02 11:03:00', '2020-12-02 11:03:00'),
(49, 1, 227, 2, '2020-12-02 11:03:00', '2020-12-02 11:03:00'),
(50, 1, 228, 2, '2020-12-02 11:03:00', '2020-12-02 11:03:00'),
(51, 1, 229, 2, '2020-12-02 11:03:00', '2020-12-02 11:03:00'),
(52, 1, 230, 2, '2020-12-02 11:03:01', '2020-12-02 11:03:01'),
(53, 1, 231, 2, '2020-12-02 11:03:01', '2020-12-02 11:03:01'),
(54, 1, 232, 2, '2020-12-02 11:03:01', '2020-12-02 11:03:01'),
(55, 1, 233, 2, '2020-12-02 11:03:01', '2020-12-02 11:03:01'),
(56, 1, 234, 2, '2020-12-02 11:03:01', '2020-12-02 11:03:01'),
(57, 1, 235, 2, '2020-12-02 11:03:01', '2020-12-02 11:03:01'),
(58, 1, 236, 2, '2020-12-02 11:03:02', '2020-12-02 11:03:02'),
(59, 1, 237, 2, '2020-12-02 11:03:02', '2020-12-02 11:03:02'),
(60, 1, 238, 2, '2020-12-02 11:03:02', '2020-12-02 11:03:02'),
(61, 1, 239, 2, '2020-12-02 11:03:02', '2020-12-02 11:03:02'),
(62, 1, 240, 2, '2020-12-02 11:03:02', '2020-12-02 11:03:02'),
(63, 1, 241, 2, '2020-12-02 11:03:02', '2020-12-02 11:03:02'),
(64, 1, 242, 2, '2020-12-02 11:03:02', '2020-12-02 11:03:02'),
(65, 1, 243, 2, '2020-12-02 11:03:03', '2020-12-02 11:03:03'),
(66, 1, 244, 2, '2020-12-02 11:03:03', '2020-12-02 11:03:03'),
(67, 1, 245, 2, '2020-12-02 11:03:03', '2020-12-02 11:03:03'),
(68, 1, 246, 2, '2020-12-02 11:03:03', '2020-12-02 11:03:03'),
(69, 1, 247, 2, '2020-12-02 11:03:03', '2020-12-02 11:03:03'),
(70, 1, 249, 2, '2020-12-02 11:03:03', '2020-12-02 11:03:03'),
(71, 1, 250, 2, '2020-12-02 11:03:03', '2020-12-02 11:03:03'),
(72, 1, 251, 2, '2020-12-02 11:03:03', '2020-12-02 11:03:03'),
(73, 1, 252, 2, '2020-12-02 11:03:04', '2020-12-02 11:03:04'),
(74, 1, 253, 2, '2020-12-02 11:03:04', '2020-12-02 11:03:04'),
(75, 1, 254, 2, '2020-12-02 11:03:04', '2020-12-02 11:03:04'),
(76, 1, 255, 2, '2020-12-02 11:03:04', '2020-12-02 11:03:04'),
(77, 1, 256, 2, '2020-12-02 11:03:04', '2020-12-02 11:03:04'),
(78, 1, 257, 2, '2020-12-02 11:03:04', '2020-12-02 11:03:04'),
(79, 1, 258, 2, '2020-12-02 11:03:04', '2020-12-02 11:03:04'),
(80, 1, 259, 2, '2020-12-02 11:03:04', '2020-12-02 11:03:04'),
(81, 1, 260, 2, '2020-12-02 11:03:05', '2020-12-02 11:03:05'),
(82, 1, 261, 2, '2020-12-02 11:03:05', '2020-12-02 11:03:05'),
(83, 1, 262, 2, '2020-12-02 11:03:06', '2020-12-02 11:03:06'),
(84, 1, 263, 2, '2020-12-02 11:03:06', '2020-12-02 11:03:06'),
(85, 1, 264, 2, '2020-12-02 11:03:06', '2020-12-02 11:03:06'),
(86, 1, 265, 2, '2020-12-02 11:03:06', '2020-12-02 11:03:06'),
(87, 1, 266, 2, '2020-12-02 11:03:06', '2020-12-02 11:03:06'),
(88, 1, 267, 2, '2020-12-02 11:03:06', '2020-12-02 11:03:06'),
(89, 1, 268, 2, '2020-12-02 11:03:07', '2020-12-02 11:03:07'),
(90, 1, 269, 2, '2020-12-02 11:03:07', '2020-12-02 11:03:07'),
(91, 1, 270, 2, '2020-12-02 11:03:07', '2020-12-02 11:03:07'),
(92, 1, 271, 2, '2020-12-02 11:03:07', '2020-12-02 11:03:07'),
(93, 1, 272, 2, '2020-12-02 11:03:07', '2020-12-02 11:03:07'),
(94, 1, 273, 2, '2020-12-02 11:03:07', '2020-12-02 11:03:07'),
(95, 2, 179, 2, '2020-12-09 09:55:12', '2020-12-09 09:55:12'),
(96, 2, 180, 2, '2020-12-09 09:55:12', '2020-12-09 09:55:12'),
(97, 2, 181, 2, '2020-12-09 09:55:12', '2020-12-09 09:55:12'),
(98, 2, 182, 2, '2020-12-09 09:55:12', '2020-12-09 09:55:12'),
(99, 2, 183, 2, '2020-12-09 09:55:13', '2020-12-09 09:55:13'),
(100, 2, 184, 2, '2020-12-09 09:55:13', '2020-12-09 09:55:13'),
(101, 2, 185, 2, '2020-12-09 09:55:13', '2020-12-09 09:55:13'),
(102, 2, 186, 2, '2020-12-09 09:55:13', '2020-12-09 09:55:13'),
(103, 2, 187, 2, '2020-12-09 09:55:13', '2020-12-09 09:55:13'),
(104, 2, 188, 2, '2020-12-09 09:55:13', '2020-12-09 09:55:13'),
(105, 2, 189, 2, '2020-12-09 09:55:13', '2020-12-09 09:55:13'),
(106, 2, 190, 2, '2020-12-09 09:55:13', '2020-12-09 09:55:13'),
(107, 2, 191, 2, '2020-12-09 09:55:13', '2020-12-09 09:55:13'),
(108, 2, 192, 2, '2020-12-09 09:55:14', '2020-12-09 09:55:14'),
(109, 2, 193, 2, '2020-12-09 09:55:14', '2020-12-09 09:55:14'),
(110, 2, 194, 2, '2020-12-09 09:55:14', '2020-12-09 09:55:14'),
(111, 2, 195, 2, '2020-12-09 09:55:14', '2020-12-09 09:55:14'),
(112, 2, 196, 2, '2020-12-09 09:55:14', '2020-12-09 09:55:14'),
(113, 2, 197, 2, '2020-12-09 09:55:14', '2020-12-09 09:55:14'),
(114, 2, 198, 2, '2020-12-09 09:55:14', '2020-12-09 09:55:14'),
(115, 2, 199, 2, '2020-12-09 09:55:14', '2020-12-09 09:55:14'),
(116, 2, 200, 2, '2020-12-09 09:55:14', '2020-12-09 09:55:14'),
(117, 2, 201, 2, '2020-12-09 09:55:15', '2020-12-09 09:55:15'),
(118, 2, 202, 2, '2020-12-09 09:55:15', '2020-12-09 09:55:15'),
(119, 2, 203, 2, '2020-12-09 09:55:15', '2020-12-09 09:55:15'),
(120, 2, 204, 2, '2020-12-09 09:55:15', '2020-12-09 09:55:15'),
(121, 2, 205, 2, '2020-12-09 09:55:15', '2020-12-09 09:55:15'),
(122, 2, 206, 2, '2020-12-09 09:55:15', '2020-12-09 09:55:15'),
(123, 2, 207, 2, '2020-12-09 09:55:15', '2020-12-09 09:55:15'),
(124, 2, 208, 2, '2020-12-09 09:55:15', '2020-12-09 09:55:15'),
(125, 2, 209, 2, '2020-12-09 09:55:15', '2020-12-09 09:55:15'),
(126, 2, 210, 2, '2020-12-09 09:55:15', '2020-12-09 09:55:15'),
(127, 2, 211, 2, '2020-12-09 09:55:15', '2020-12-09 09:55:15'),
(128, 2, 212, 2, '2020-12-09 09:55:16', '2020-12-09 09:55:16'),
(129, 2, 213, 2, '2020-12-09 09:55:16', '2020-12-09 09:55:16'),
(130, 2, 214, 2, '2020-12-09 09:55:16', '2020-12-09 09:55:16'),
(131, 2, 215, 2, '2020-12-09 09:55:16', '2020-12-09 09:55:16'),
(132, 2, 216, 2, '2020-12-09 09:55:16', '2020-12-09 09:55:16'),
(133, 2, 217, 2, '2020-12-09 09:55:16', '2020-12-09 09:55:16'),
(134, 2, 218, 2, '2020-12-09 09:55:16', '2020-12-09 09:55:16'),
(135, 2, 219, 2, '2020-12-09 09:55:16', '2020-12-09 09:55:16'),
(136, 2, 220, 2, '2020-12-09 09:55:16', '2020-12-09 09:55:16'),
(137, 2, 221, 2, '2020-12-09 09:55:16', '2020-12-09 09:55:16'),
(138, 2, 222, 2, '2020-12-09 09:55:17', '2020-12-09 09:55:17'),
(139, 2, 223, 2, '2020-12-09 09:55:17', '2020-12-09 09:55:17'),
(140, 2, 224, 2, '2020-12-09 09:55:17', '2020-12-09 09:55:17'),
(141, 2, 225, 2, '2020-12-09 09:55:17', '2020-12-09 09:55:17'),
(142, 2, 226, 2, '2020-12-09 09:55:17', '2020-12-09 09:55:17'),
(143, 2, 227, 2, '2020-12-09 09:55:17', '2020-12-09 09:55:17'),
(144, 2, 228, 2, '2020-12-09 09:55:17', '2020-12-09 09:55:17'),
(145, 2, 229, 2, '2020-12-09 09:55:18', '2020-12-09 09:55:18'),
(146, 2, 230, 2, '2020-12-09 09:55:18', '2020-12-09 09:55:18'),
(147, 2, 231, 2, '2020-12-09 09:55:18', '2020-12-09 09:55:18'),
(148, 2, 232, 2, '2020-12-09 09:55:18', '2020-12-09 09:55:18'),
(149, 2, 233, 2, '2020-12-09 09:55:18', '2020-12-09 09:55:18'),
(150, 2, 234, 2, '2020-12-09 09:55:18', '2020-12-09 09:55:18'),
(151, 2, 235, 2, '2020-12-09 09:55:18', '2020-12-09 09:55:18'),
(152, 2, 236, 2, '2020-12-09 09:55:18', '2020-12-09 09:55:18'),
(153, 2, 237, 2, '2020-12-09 09:55:18', '2020-12-09 09:55:18'),
(154, 2, 238, 2, '2020-12-09 09:55:18', '2020-12-09 09:55:18'),
(155, 2, 239, 2, '2020-12-09 09:55:19', '2020-12-09 09:55:19'),
(156, 2, 240, 2, '2020-12-09 09:55:19', '2020-12-09 09:55:19'),
(157, 2, 241, 2, '2020-12-09 09:55:19', '2020-12-09 09:55:19'),
(158, 2, 242, 2, '2020-12-09 09:55:19', '2020-12-09 09:55:19'),
(159, 2, 243, 2, '2020-12-09 09:55:19', '2020-12-09 09:55:19'),
(160, 2, 244, 2, '2020-12-09 09:55:20', '2020-12-09 09:55:20'),
(161, 2, 245, 2, '2020-12-09 09:55:20', '2020-12-09 09:55:20'),
(162, 2, 246, 2, '2020-12-09 09:55:20', '2020-12-09 09:55:20'),
(163, 2, 247, 2, '2020-12-09 09:55:20', '2020-12-09 09:55:20'),
(164, 2, 249, 2, '2020-12-09 09:55:20', '2020-12-09 09:55:20'),
(165, 2, 250, 2, '2020-12-09 09:55:20', '2020-12-09 09:55:20'),
(166, 2, 251, 2, '2020-12-09 09:55:20', '2020-12-09 09:55:20'),
(167, 2, 252, 2, '2020-12-09 09:55:20', '2020-12-09 09:55:20'),
(168, 2, 253, 2, '2020-12-09 09:55:20', '2020-12-09 09:55:20'),
(169, 2, 254, 2, '2020-12-09 09:55:20', '2020-12-09 09:55:20'),
(170, 2, 255, 2, '2020-12-09 09:55:21', '2020-12-09 09:55:21'),
(171, 2, 256, 2, '2020-12-09 09:55:21', '2020-12-09 09:55:21'),
(172, 2, 257, 2, '2020-12-09 09:55:21', '2020-12-09 09:55:21'),
(173, 2, 258, 2, '2020-12-09 09:55:21', '2020-12-09 09:55:21'),
(174, 2, 259, 2, '2020-12-09 09:55:21', '2020-12-09 09:55:21'),
(175, 2, 260, 2, '2020-12-09 09:55:21', '2020-12-09 09:55:21'),
(176, 2, 261, 2, '2020-12-09 09:55:21', '2020-12-09 09:55:21'),
(177, 2, 262, 2, '2020-12-09 09:55:21', '2020-12-09 09:55:21'),
(178, 2, 263, 2, '2020-12-09 09:55:21', '2020-12-09 09:55:21'),
(179, 2, 264, 2, '2020-12-09 09:55:22', '2020-12-09 09:55:22'),
(180, 2, 265, 2, '2020-12-09 09:55:22', '2020-12-09 09:55:22'),
(181, 2, 266, 2, '2020-12-09 09:55:22', '2020-12-09 09:55:22'),
(182, 2, 267, 2, '2020-12-09 09:55:22', '2020-12-09 09:55:22'),
(183, 2, 268, 2, '2020-12-09 09:55:22', '2020-12-09 09:55:22'),
(184, 2, 269, 2, '2020-12-09 09:55:22', '2020-12-09 09:55:22'),
(185, 2, 271, 2, '2020-12-09 09:55:22', '2020-12-09 09:55:22'),
(186, 2, 272, 2, '2020-12-09 09:55:22', '2020-12-09 09:55:22'),
(187, 2, 273, 2, '2020-12-09 09:55:22', '2020-12-09 09:55:22'),
(188, 3, 270, 2, '2020-12-09 10:04:02', '2020-12-09 10:04:02'),
(189, 4, 179, 2, '2020-12-09 10:17:40', '2020-12-09 10:17:40'),
(190, 4, 180, 2, '2020-12-09 10:17:40', '2020-12-09 10:17:40'),
(191, 4, 181, 2, '2020-12-09 10:17:40', '2020-12-09 10:17:40'),
(192, 4, 182, 2, '2020-12-09 10:17:41', '2020-12-09 10:17:41'),
(193, 4, 183, 2, '2020-12-09 10:17:41', '2020-12-09 10:17:41'),
(194, 4, 184, 2, '2020-12-09 10:17:41', '2020-12-09 10:17:41'),
(195, 4, 185, 2, '2020-12-09 10:17:41', '2020-12-09 10:17:41'),
(196, 4, 186, 2, '2020-12-09 10:17:41', '2020-12-09 10:17:41'),
(197, 4, 187, 2, '2020-12-09 10:17:41', '2020-12-09 10:17:41'),
(198, 4, 188, 2, '2020-12-09 10:17:41', '2020-12-09 10:17:41'),
(199, 4, 189, 2, '2020-12-09 10:17:42', '2020-12-09 10:17:42'),
(200, 4, 190, 2, '2020-12-09 10:17:42', '2020-12-09 10:17:42'),
(201, 4, 191, 2, '2020-12-09 10:17:42', '2020-12-09 10:17:42'),
(202, 4, 192, 2, '2020-12-09 10:17:42', '2020-12-09 10:17:42'),
(203, 4, 193, 2, '2020-12-09 10:17:42', '2020-12-09 10:17:42'),
(204, 4, 194, 2, '2020-12-09 10:17:42', '2020-12-09 10:17:42'),
(205, 4, 195, 2, '2020-12-09 10:17:42', '2020-12-09 10:17:42'),
(206, 4, 196, 2, '2020-12-09 10:17:42', '2020-12-09 10:17:42'),
(207, 4, 197, 2, '2020-12-09 10:17:42', '2020-12-09 10:17:42'),
(208, 4, 198, 2, '2020-12-09 10:17:42', '2020-12-09 10:17:42'),
(209, 4, 199, 2, '2020-12-09 10:17:43', '2020-12-09 10:17:43'),
(210, 4, 200, 2, '2020-12-09 10:17:43', '2020-12-09 10:17:43'),
(211, 4, 201, 2, '2020-12-09 10:17:43', '2020-12-09 10:17:43'),
(212, 4, 202, 2, '2020-12-09 10:17:43', '2020-12-09 10:17:43'),
(213, 4, 203, 2, '2020-12-09 10:17:43', '2020-12-09 10:17:43'),
(214, 4, 204, 2, '2020-12-09 10:17:43', '2020-12-09 10:17:43'),
(215, 4, 205, 2, '2020-12-09 10:17:43', '2020-12-09 10:17:43'),
(216, 4, 206, 2, '2020-12-09 10:17:43', '2020-12-09 10:17:43'),
(217, 4, 207, 2, '2020-12-09 10:17:43', '2020-12-09 10:17:43'),
(218, 4, 208, 2, '2020-12-09 10:17:43', '2020-12-09 10:17:43'),
(219, 4, 209, 2, '2020-12-09 10:17:44', '2020-12-09 10:17:44'),
(220, 4, 210, 2, '2020-12-09 10:17:44', '2020-12-09 10:17:44'),
(221, 4, 211, 2, '2020-12-09 10:17:44', '2020-12-09 10:17:44'),
(222, 4, 212, 2, '2020-12-09 10:17:44', '2020-12-09 10:17:44'),
(223, 4, 213, 2, '2020-12-09 10:17:44', '2020-12-09 10:17:44'),
(224, 4, 214, 2, '2020-12-09 10:17:44', '2020-12-09 10:17:44'),
(225, 4, 215, 2, '2020-12-09 10:17:44', '2020-12-09 10:17:44'),
(226, 4, 216, 2, '2020-12-09 10:17:44', '2020-12-09 10:17:44'),
(227, 4, 217, 2, '2020-12-09 10:17:44', '2020-12-09 10:17:44'),
(228, 4, 218, 2, '2020-12-09 10:17:44', '2020-12-09 10:17:44'),
(229, 4, 219, 2, '2020-12-09 10:17:45', '2020-12-09 10:17:45'),
(230, 4, 220, 2, '2020-12-09 10:17:45', '2020-12-09 10:17:45'),
(231, 4, 221, 2, '2020-12-09 10:17:45', '2020-12-09 10:17:45'),
(232, 4, 222, 2, '2020-12-09 10:17:45', '2020-12-09 10:17:45'),
(233, 4, 223, 2, '2020-12-09 10:17:45', '2020-12-09 10:17:45'),
(234, 4, 224, 2, '2020-12-09 10:17:45', '2020-12-09 10:17:45'),
(235, 4, 225, 2, '2020-12-09 10:17:45', '2020-12-09 10:17:45'),
(236, 4, 226, 2, '2020-12-09 10:17:45', '2020-12-09 10:17:45'),
(237, 4, 227, 2, '2020-12-09 10:17:45', '2020-12-09 10:17:45'),
(238, 4, 228, 2, '2020-12-09 10:17:45', '2020-12-09 10:17:45'),
(239, 4, 229, 2, '2020-12-09 10:17:46', '2020-12-09 10:17:46'),
(240, 4, 230, 2, '2020-12-09 10:17:46', '2020-12-09 10:17:46'),
(241, 4, 231, 2, '2020-12-09 10:17:46', '2020-12-09 10:17:46'),
(242, 4, 232, 2, '2020-12-09 10:17:46', '2020-12-09 10:17:46'),
(243, 4, 233, 2, '2020-12-09 10:17:46', '2020-12-09 10:17:46'),
(244, 4, 234, 2, '2020-12-09 10:17:46', '2020-12-09 10:17:46'),
(245, 4, 235, 2, '2020-12-09 10:17:46', '2020-12-09 10:17:46'),
(246, 4, 236, 2, '2020-12-09 10:17:46', '2020-12-09 10:17:46'),
(247, 4, 237, 2, '2020-12-09 10:17:46', '2020-12-09 10:17:46'),
(248, 4, 238, 2, '2020-12-09 10:17:46', '2020-12-09 10:17:46'),
(249, 4, 239, 2, '2020-12-09 10:17:47', '2020-12-09 10:17:47'),
(250, 4, 240, 2, '2020-12-09 10:17:47', '2020-12-09 10:17:47'),
(251, 4, 241, 2, '2020-12-09 10:17:47', '2020-12-09 10:17:47'),
(252, 4, 242, 2, '2020-12-09 10:17:47', '2020-12-09 10:17:47'),
(253, 4, 243, 2, '2020-12-09 10:17:47', '2020-12-09 10:17:47'),
(254, 4, 244, 2, '2020-12-09 10:17:47', '2020-12-09 10:17:47'),
(255, 4, 245, 2, '2020-12-09 10:17:47', '2020-12-09 10:17:47'),
(256, 4, 246, 2, '2020-12-09 10:17:47', '2020-12-09 10:17:47'),
(257, 4, 247, 2, '2020-12-09 10:17:47', '2020-12-09 10:17:47'),
(258, 4, 249, 2, '2020-12-09 10:17:47', '2020-12-09 10:17:47'),
(259, 4, 250, 2, '2020-12-09 10:17:48', '2020-12-09 10:17:48'),
(260, 4, 251, 2, '2020-12-09 10:17:48', '2020-12-09 10:17:48'),
(261, 4, 252, 2, '2020-12-09 10:17:48', '2020-12-09 10:17:48'),
(262, 4, 253, 2, '2020-12-09 10:17:48', '2020-12-09 10:17:48'),
(263, 4, 254, 2, '2020-12-09 10:17:48', '2020-12-09 10:17:48'),
(264, 4, 255, 2, '2020-12-09 10:17:48', '2020-12-09 10:17:48'),
(265, 4, 256, 2, '2020-12-09 10:17:48', '2020-12-09 10:17:48'),
(266, 4, 257, 2, '2020-12-09 10:17:48', '2020-12-09 10:17:48'),
(267, 4, 258, 2, '2020-12-09 10:17:48', '2020-12-09 10:17:48'),
(268, 4, 259, 2, '2020-12-09 10:17:48', '2020-12-09 10:17:48'),
(269, 4, 260, 2, '2020-12-09 10:17:49', '2020-12-09 10:17:49'),
(270, 4, 261, 2, '2020-12-09 10:17:49', '2020-12-09 10:17:49'),
(271, 4, 262, 2, '2020-12-09 10:17:49', '2020-12-09 10:17:49'),
(272, 4, 263, 2, '2020-12-09 10:17:49', '2020-12-09 10:17:49'),
(273, 4, 264, 2, '2020-12-09 10:17:49', '2020-12-09 10:17:49'),
(274, 4, 265, 2, '2020-12-09 10:17:49', '2020-12-09 10:17:49'),
(275, 4, 266, 2, '2020-12-09 10:17:49', '2020-12-09 10:17:49'),
(276, 4, 267, 2, '2020-12-09 10:17:49', '2020-12-09 10:17:49'),
(277, 4, 268, 2, '2020-12-09 10:17:50', '2020-12-09 10:17:50'),
(278, 4, 269, 2, '2020-12-09 10:17:50', '2020-12-09 10:17:50'),
(279, 4, 271, 2, '2020-12-09 10:17:50', '2020-12-09 10:17:50'),
(280, 4, 272, 2, '2020-12-09 10:17:50', '2020-12-09 10:17:50'),
(281, 4, 273, 2, '2020-12-09 10:17:50', '2020-12-09 10:17:50'),
(282, 5, 179, 2, '2020-12-09 10:18:14', '2020-12-09 10:18:14'),
(283, 6, 179, 2, '2020-12-09 10:28:16', '2020-12-09 10:28:16'),
(284, 6, 180, 2, '2020-12-09 10:28:16', '2020-12-09 10:28:16'),
(285, 6, 181, 2, '2020-12-09 10:28:16', '2020-12-09 10:28:16'),
(286, 6, 182, 2, '2020-12-09 10:28:16', '2020-12-09 10:28:16'),
(287, 6, 183, 2, '2020-12-09 10:28:16', '2020-12-09 10:28:16'),
(288, 6, 184, 2, '2020-12-09 10:28:17', '2020-12-09 10:28:17'),
(289, 6, 185, 2, '2020-12-09 10:28:17', '2020-12-09 10:28:17'),
(290, 6, 186, 2, '2020-12-09 10:28:17', '2020-12-09 10:28:17'),
(291, 6, 187, 2, '2020-12-09 10:28:17', '2020-12-09 10:28:17'),
(292, 6, 188, 2, '2020-12-09 10:28:17', '2020-12-09 10:28:17'),
(293, 6, 189, 2, '2020-12-09 10:28:17', '2020-12-09 10:28:17'),
(294, 6, 190, 2, '2020-12-09 10:28:18', '2020-12-09 10:28:18'),
(295, 6, 191, 2, '2020-12-09 10:28:18', '2020-12-09 10:28:18'),
(296, 6, 192, 2, '2020-12-09 10:28:18', '2020-12-09 10:28:18'),
(297, 6, 193, 2, '2020-12-09 10:28:18', '2020-12-09 10:28:18'),
(298, 6, 194, 2, '2020-12-09 10:28:18', '2020-12-09 10:28:18'),
(299, 6, 195, 2, '2020-12-09 10:28:18', '2020-12-09 10:28:18'),
(300, 6, 196, 2, '2020-12-09 10:28:18', '2020-12-09 10:28:18'),
(301, 6, 197, 2, '2020-12-09 10:28:18', '2020-12-09 10:28:18'),
(302, 6, 198, 2, '2020-12-09 10:28:18', '2020-12-09 10:28:18'),
(303, 6, 199, 2, '2020-12-09 10:28:18', '2020-12-09 10:28:18'),
(304, 6, 200, 2, '2020-12-09 10:28:19', '2020-12-09 10:28:19'),
(305, 6, 201, 2, '2020-12-09 10:28:19', '2020-12-09 10:28:19'),
(306, 6, 202, 2, '2020-12-09 10:28:19', '2020-12-09 10:28:19'),
(307, 6, 203, 2, '2020-12-09 10:28:19', '2020-12-09 10:28:19'),
(308, 6, 204, 2, '2020-12-09 10:28:19', '2020-12-09 10:28:19'),
(309, 6, 205, 2, '2020-12-09 10:28:19', '2020-12-09 10:28:19'),
(310, 6, 206, 2, '2020-12-09 10:28:19', '2020-12-09 10:28:19'),
(311, 6, 207, 2, '2020-12-09 10:28:20', '2020-12-09 10:28:20'),
(312, 6, 208, 2, '2020-12-09 10:28:20', '2020-12-09 10:28:20'),
(313, 6, 209, 2, '2020-12-09 10:28:20', '2020-12-09 10:28:20'),
(314, 6, 210, 2, '2020-12-09 10:28:20', '2020-12-09 10:28:20'),
(315, 6, 211, 2, '2020-12-09 10:28:20', '2020-12-09 10:28:20'),
(316, 6, 212, 2, '2020-12-09 10:28:20', '2020-12-09 10:28:20'),
(317, 6, 213, 2, '2020-12-09 10:28:20', '2020-12-09 10:28:20'),
(318, 6, 214, 2, '2020-12-09 10:28:20', '2020-12-09 10:28:20'),
(319, 6, 215, 2, '2020-12-09 10:28:20', '2020-12-09 10:28:20'),
(320, 6, 216, 2, '2020-12-09 10:28:21', '2020-12-09 10:28:21'),
(321, 6, 217, 2, '2020-12-09 10:28:21', '2020-12-09 10:28:21'),
(322, 6, 218, 2, '2020-12-09 10:28:21', '2020-12-09 10:28:21'),
(323, 6, 219, 2, '2020-12-09 10:28:21', '2020-12-09 10:28:21'),
(324, 6, 220, 2, '2020-12-09 10:28:21', '2020-12-09 10:28:21'),
(325, 6, 221, 2, '2020-12-09 10:28:21', '2020-12-09 10:28:21'),
(326, 6, 222, 2, '2020-12-09 10:28:21', '2020-12-09 10:28:21'),
(327, 6, 223, 2, '2020-12-09 10:28:21', '2020-12-09 10:28:21'),
(328, 6, 224, 2, '2020-12-09 10:28:21', '2020-12-09 10:28:21'),
(329, 6, 225, 2, '2020-12-09 10:28:22', '2020-12-09 10:28:22'),
(330, 6, 226, 2, '2020-12-09 10:28:22', '2020-12-09 10:28:22'),
(331, 6, 227, 2, '2020-12-09 10:28:22', '2020-12-09 10:28:22'),
(332, 6, 228, 2, '2020-12-09 10:28:22', '2020-12-09 10:28:22'),
(333, 6, 229, 2, '2020-12-09 10:28:22', '2020-12-09 10:28:22'),
(334, 6, 230, 2, '2020-12-09 10:28:22', '2020-12-09 10:28:22'),
(335, 6, 231, 2, '2020-12-09 10:28:22', '2020-12-09 10:28:22'),
(336, 6, 232, 2, '2020-12-09 10:28:22', '2020-12-09 10:28:22'),
(337, 6, 233, 2, '2020-12-09 10:28:22', '2020-12-09 10:28:22'),
(338, 6, 234, 2, '2020-12-09 10:28:22', '2020-12-09 10:28:22'),
(339, 6, 235, 2, '2020-12-09 10:28:22', '2020-12-09 10:28:22'),
(340, 6, 236, 2, '2020-12-09 10:28:23', '2020-12-09 10:28:23'),
(341, 6, 237, 2, '2020-12-09 10:28:23', '2020-12-09 10:28:23'),
(342, 6, 238, 2, '2020-12-09 10:28:23', '2020-12-09 10:28:23'),
(343, 6, 239, 2, '2020-12-09 10:28:23', '2020-12-09 10:28:23'),
(344, 6, 240, 2, '2020-12-09 10:28:23', '2020-12-09 10:28:23'),
(345, 6, 241, 2, '2020-12-09 10:28:23', '2020-12-09 10:28:23'),
(346, 6, 242, 2, '2020-12-09 10:28:23', '2020-12-09 10:28:23'),
(347, 6, 243, 2, '2020-12-09 10:28:23', '2020-12-09 10:28:23'),
(348, 6, 244, 2, '2020-12-09 10:28:23', '2020-12-09 10:28:23'),
(349, 6, 245, 2, '2020-12-09 10:28:24', '2020-12-09 10:28:24'),
(350, 6, 246, 2, '2020-12-09 10:28:24', '2020-12-09 10:28:24'),
(351, 6, 247, 2, '2020-12-09 10:28:24', '2020-12-09 10:28:24'),
(352, 6, 249, 2, '2020-12-09 10:28:24', '2020-12-09 10:28:24'),
(353, 6, 250, 2, '2020-12-09 10:28:24', '2020-12-09 10:28:24'),
(354, 6, 251, 2, '2020-12-09 10:28:24', '2020-12-09 10:28:24'),
(355, 6, 252, 2, '2020-12-09 10:28:24', '2020-12-09 10:28:24'),
(356, 6, 253, 2, '2020-12-09 10:28:24', '2020-12-09 10:28:24'),
(357, 6, 254, 2, '2020-12-09 10:28:24', '2020-12-09 10:28:24'),
(358, 6, 255, 2, '2020-12-09 10:28:24', '2020-12-09 10:28:24'),
(359, 6, 256, 2, '2020-12-09 10:28:25', '2020-12-09 10:28:25'),
(360, 6, 257, 2, '2020-12-09 10:28:25', '2020-12-09 10:28:25'),
(361, 6, 258, 2, '2020-12-09 10:28:25', '2020-12-09 10:28:25'),
(362, 6, 259, 2, '2020-12-09 10:28:25', '2020-12-09 10:28:25'),
(363, 6, 260, 2, '2020-12-09 10:28:25', '2020-12-09 10:28:25'),
(364, 6, 261, 2, '2020-12-09 10:28:25', '2020-12-09 10:28:25'),
(365, 6, 262, 2, '2020-12-09 10:28:25', '2020-12-09 10:28:25'),
(366, 6, 263, 2, '2020-12-09 10:28:25', '2020-12-09 10:28:25'),
(367, 6, 264, 2, '2020-12-09 10:28:25', '2020-12-09 10:28:25'),
(368, 6, 265, 2, '2020-12-09 10:28:25', '2020-12-09 10:28:25'),
(369, 6, 266, 2, '2020-12-09 10:28:26', '2020-12-09 10:28:26'),
(370, 6, 267, 2, '2020-12-09 10:28:26', '2020-12-09 10:28:26'),
(371, 6, 268, 2, '2020-12-09 10:28:26', '2020-12-09 10:28:26'),
(372, 6, 269, 2, '2020-12-09 10:28:26', '2020-12-09 10:28:26'),
(373, 6, 271, 2, '2020-12-09 10:28:26', '2020-12-09 10:28:26'),
(374, 6, 272, 2, '2020-12-09 10:28:26', '2020-12-09 10:28:26'),
(375, 6, 273, 2, '2020-12-09 10:28:26', '2020-12-09 10:28:26'),
(376, 7, 248, 2, '2020-12-09 10:28:49', '2020-12-09 10:28:49'),
(377, 8, 179, 2, '2020-12-09 10:39:52', '2020-12-09 10:39:52'),
(378, 8, 180, 2, '2020-12-09 10:39:52', '2020-12-09 10:39:52'),
(379, 8, 181, 2, '2020-12-09 10:39:52', '2020-12-09 10:39:52'),
(380, 8, 182, 2, '2020-12-09 10:39:52', '2020-12-09 10:39:52'),
(381, 8, 183, 2, '2020-12-09 10:39:52', '2020-12-09 10:39:52'),
(382, 8, 184, 2, '2020-12-09 10:39:52', '2020-12-09 10:39:52'),
(383, 8, 185, 2, '2020-12-09 10:39:53', '2020-12-09 10:39:53'),
(384, 8, 186, 2, '2020-12-09 10:39:53', '2020-12-09 10:39:53'),
(385, 8, 187, 2, '2020-12-09 10:39:53', '2020-12-09 10:39:53'),
(386, 8, 188, 2, '2020-12-09 10:39:53', '2020-12-09 10:39:53'),
(387, 8, 189, 2, '2020-12-09 10:39:53', '2020-12-09 10:39:53'),
(388, 8, 190, 2, '2020-12-09 10:39:53', '2020-12-09 10:39:53'),
(389, 8, 191, 2, '2020-12-09 10:39:53', '2020-12-09 10:39:53'),
(390, 8, 192, 2, '2020-12-09 10:39:53', '2020-12-09 10:39:53'),
(391, 8, 193, 2, '2020-12-09 10:39:53', '2020-12-09 10:39:53'),
(392, 8, 194, 2, '2020-12-09 10:39:53', '2020-12-09 10:39:53'),
(393, 8, 195, 2, '2020-12-09 10:39:54', '2020-12-09 10:39:54'),
(394, 8, 196, 2, '2020-12-09 10:39:54', '2020-12-09 10:39:54'),
(395, 8, 197, 2, '2020-12-09 10:39:54', '2020-12-09 10:39:54'),
(396, 8, 198, 2, '2020-12-09 10:39:54', '2020-12-09 10:39:54'),
(397, 8, 199, 2, '2020-12-09 10:39:54', '2020-12-09 10:39:54'),
(398, 8, 200, 2, '2020-12-09 10:39:54', '2020-12-09 10:39:54'),
(399, 8, 201, 2, '2020-12-09 10:39:54', '2020-12-09 10:39:54'),
(400, 8, 202, 2, '2020-12-09 10:39:54', '2020-12-09 10:39:54'),
(401, 8, 203, 2, '2020-12-09 10:39:54', '2020-12-09 10:39:54'),
(402, 8, 204, 2, '2020-12-09 10:39:54', '2020-12-09 10:39:54'),
(403, 8, 205, 2, '2020-12-09 10:39:55', '2020-12-09 10:39:55'),
(404, 8, 206, 2, '2020-12-09 10:39:55', '2020-12-09 10:39:55'),
(405, 8, 207, 2, '2020-12-09 10:39:55', '2020-12-09 10:39:55'),
(406, 8, 208, 2, '2020-12-09 10:39:55', '2020-12-09 10:39:55'),
(407, 8, 209, 2, '2020-12-09 10:39:55', '2020-12-09 10:39:55'),
(408, 8, 210, 2, '2020-12-09 10:39:55', '2020-12-09 10:39:55'),
(409, 8, 211, 2, '2020-12-09 10:39:55', '2020-12-09 10:39:55'),
(410, 8, 212, 2, '2020-12-09 10:39:55', '2020-12-09 10:39:55'),
(411, 8, 213, 2, '2020-12-09 10:39:55', '2020-12-09 10:39:55'),
(412, 8, 214, 2, '2020-12-09 10:39:56', '2020-12-09 10:39:56'),
(413, 8, 215, 2, '2020-12-09 10:39:56', '2020-12-09 10:39:56'),
(414, 8, 216, 2, '2020-12-09 10:39:56', '2020-12-09 10:39:56'),
(415, 8, 217, 2, '2020-12-09 10:39:56', '2020-12-09 10:39:56'),
(416, 8, 218, 2, '2020-12-09 10:39:56', '2020-12-09 10:39:56'),
(417, 8, 219, 2, '2020-12-09 10:39:56', '2020-12-09 10:39:56'),
(418, 8, 220, 2, '2020-12-09 10:39:56', '2020-12-09 10:39:56'),
(419, 8, 221, 2, '2020-12-09 10:39:56', '2020-12-09 10:39:56'),
(420, 8, 222, 2, '2020-12-09 10:39:56', '2020-12-09 10:39:56'),
(421, 8, 223, 2, '2020-12-09 10:39:56', '2020-12-09 10:39:56'),
(422, 8, 224, 2, '2020-12-09 10:39:56', '2020-12-09 10:39:56'),
(423, 8, 225, 2, '2020-12-09 10:39:57', '2020-12-09 10:39:57'),
(424, 8, 226, 2, '2020-12-09 10:39:57', '2020-12-09 10:39:57'),
(425, 8, 227, 2, '2020-12-09 10:39:57', '2020-12-09 10:39:57'),
(426, 8, 228, 2, '2020-12-09 10:39:57', '2020-12-09 10:39:57'),
(427, 8, 229, 2, '2020-12-09 10:39:57', '2020-12-09 10:39:57'),
(428, 8, 230, 2, '2020-12-09 10:39:57', '2020-12-09 10:39:57'),
(429, 8, 231, 2, '2020-12-09 10:39:58', '2020-12-09 10:39:58'),
(430, 8, 232, 2, '2020-12-09 10:39:58', '2020-12-09 10:39:58'),
(431, 8, 233, 2, '2020-12-09 10:39:58', '2020-12-09 10:39:58'),
(432, 8, 234, 2, '2020-12-09 10:39:58', '2020-12-09 10:39:58'),
(433, 8, 235, 2, '2020-12-09 10:39:58', '2020-12-09 10:39:58'),
(434, 8, 236, 2, '2020-12-09 10:39:58', '2020-12-09 10:39:58'),
(435, 8, 237, 2, '2020-12-09 10:39:58', '2020-12-09 10:39:58'),
(436, 8, 238, 2, '2020-12-09 10:39:58', '2020-12-09 10:39:58'),
(437, 8, 239, 2, '2020-12-09 10:39:58', '2020-12-09 10:39:58'),
(438, 8, 240, 2, '2020-12-09 10:39:59', '2020-12-09 10:39:59'),
(439, 8, 241, 2, '2020-12-09 10:39:59', '2020-12-09 10:39:59'),
(440, 8, 242, 2, '2020-12-09 10:39:59', '2020-12-09 10:39:59'),
(441, 8, 243, 2, '2020-12-09 10:39:59', '2020-12-09 10:39:59'),
(442, 8, 244, 2, '2020-12-09 10:39:59', '2020-12-09 10:39:59'),
(443, 8, 245, 2, '2020-12-09 10:39:59', '2020-12-09 10:39:59'),
(444, 8, 246, 2, '2020-12-09 10:39:59', '2020-12-09 10:39:59'),
(445, 8, 247, 2, '2020-12-09 10:39:59', '2020-12-09 10:39:59'),
(446, 8, 249, 2, '2020-12-09 10:39:59', '2020-12-09 10:39:59'),
(447, 8, 250, 2, '2020-12-09 10:39:59', '2020-12-09 10:39:59'),
(448, 8, 251, 2, '2020-12-09 10:40:00', '2020-12-09 10:40:00'),
(449, 8, 252, 2, '2020-12-09 10:40:00', '2020-12-09 10:40:00'),
(450, 8, 253, 2, '2020-12-09 10:40:00', '2020-12-09 10:40:00'),
(451, 8, 254, 2, '2020-12-09 10:40:00', '2020-12-09 10:40:00'),
(452, 8, 255, 2, '2020-12-09 10:40:00', '2020-12-09 10:40:00'),
(453, 8, 256, 2, '2020-12-09 10:40:00', '2020-12-09 10:40:00'),
(454, 8, 257, 2, '2020-12-09 10:40:00', '2020-12-09 10:40:00'),
(455, 8, 258, 2, '2020-12-09 10:40:00', '2020-12-09 10:40:00'),
(456, 8, 259, 2, '2020-12-09 10:40:00', '2020-12-09 10:40:00'),
(457, 8, 260, 2, '2020-12-09 10:40:00', '2020-12-09 10:40:00'),
(458, 8, 261, 2, '2020-12-09 10:40:01', '2020-12-09 10:40:01'),
(459, 8, 262, 2, '2020-12-09 10:40:01', '2020-12-09 10:40:01'),
(460, 8, 263, 2, '2020-12-09 10:40:01', '2020-12-09 10:40:01'),
(461, 8, 264, 2, '2020-12-09 10:40:01', '2020-12-09 10:40:01'),
(462, 8, 265, 2, '2020-12-09 10:40:01', '2020-12-09 10:40:01'),
(463, 8, 266, 2, '2020-12-09 10:40:01', '2020-12-09 10:40:01'),
(464, 8, 267, 2, '2020-12-09 10:40:01', '2020-12-09 10:40:01'),
(465, 8, 268, 2, '2020-12-09 10:40:01', '2020-12-09 10:40:01'),
(466, 8, 269, 2, '2020-12-09 10:40:01', '2020-12-09 10:40:01'),
(467, 8, 271, 2, '2020-12-09 10:40:01', '2020-12-09 10:40:01'),
(468, 8, 272, 2, '2020-12-09 10:40:02', '2020-12-09 10:40:02'),
(469, 8, 273, 2, '2020-12-09 10:40:02', '2020-12-09 10:40:02'),
(470, 9, 179, 2, '2020-12-09 10:43:40', '2020-12-09 10:43:40'),
(471, 9, 180, 2, '2020-12-09 10:43:41', '2020-12-09 10:43:41'),
(472, 9, 181, 2, '2020-12-09 10:43:41', '2020-12-09 10:43:41'),
(473, 9, 182, 2, '2020-12-09 10:43:41', '2020-12-09 10:43:41'),
(474, 9, 183, 2, '2020-12-09 10:43:41', '2020-12-09 10:43:41'),
(475, 9, 184, 2, '2020-12-09 10:43:41', '2020-12-09 10:43:41'),
(476, 9, 185, 2, '2020-12-09 10:43:41', '2020-12-09 10:43:41'),
(477, 9, 186, 2, '2020-12-09 10:43:41', '2020-12-09 10:43:41'),
(478, 9, 187, 2, '2020-12-09 10:43:41', '2020-12-09 10:43:41'),
(479, 9, 188, 2, '2020-12-09 10:43:41', '2020-12-09 10:43:41'),
(480, 9, 189, 2, '2020-12-09 10:43:41', '2020-12-09 10:43:41'),
(481, 9, 190, 2, '2020-12-09 10:43:42', '2020-12-09 10:43:42'),
(482, 9, 191, 2, '2020-12-09 10:43:42', '2020-12-09 10:43:42'),
(483, 9, 192, 2, '2020-12-09 10:43:42', '2020-12-09 10:43:42'),
(484, 9, 193, 2, '2020-12-09 10:43:42', '2020-12-09 10:43:42'),
(485, 9, 194, 2, '2020-12-09 10:43:42', '2020-12-09 10:43:42'),
(486, 9, 195, 2, '2020-12-09 10:43:42', '2020-12-09 10:43:42'),
(487, 9, 196, 2, '2020-12-09 10:43:42', '2020-12-09 10:43:42'),
(488, 9, 197, 2, '2020-12-09 10:43:42', '2020-12-09 10:43:42'),
(489, 9, 198, 2, '2020-12-09 10:43:42', '2020-12-09 10:43:42'),
(490, 9, 199, 2, '2020-12-09 10:43:43', '2020-12-09 10:43:43'),
(491, 9, 200, 2, '2020-12-09 10:43:43', '2020-12-09 10:43:43'),
(492, 9, 201, 2, '2020-12-09 10:43:43', '2020-12-09 10:43:43'),
(493, 9, 202, 2, '2020-12-09 10:43:43', '2020-12-09 10:43:43'),
(494, 9, 203, 2, '2020-12-09 10:43:43', '2020-12-09 10:43:43'),
(495, 9, 204, 2, '2020-12-09 10:43:43', '2020-12-09 10:43:43'),
(496, 9, 205, 2, '2020-12-09 10:43:43', '2020-12-09 10:43:43'),
(497, 9, 206, 2, '2020-12-09 10:43:44', '2020-12-09 10:43:44'),
(498, 9, 207, 2, '2020-12-09 10:43:44', '2020-12-09 10:43:44'),
(499, 9, 208, 2, '2020-12-09 10:43:44', '2020-12-09 10:43:44'),
(500, 9, 209, 2, '2020-12-09 10:43:44', '2020-12-09 10:43:44'),
(501, 9, 210, 2, '2020-12-09 10:43:44', '2020-12-09 10:43:44'),
(502, 9, 211, 2, '2020-12-09 10:43:44', '2020-12-09 10:43:44'),
(503, 9, 212, 2, '2020-12-09 10:43:44', '2020-12-09 10:43:44'),
(504, 9, 213, 2, '2020-12-09 10:43:44', '2020-12-09 10:43:44'),
(505, 9, 214, 2, '2020-12-09 10:43:44', '2020-12-09 10:43:44'),
(506, 9, 215, 2, '2020-12-09 10:43:45', '2020-12-09 10:43:45'),
(507, 9, 216, 2, '2020-12-09 10:43:45', '2020-12-09 10:43:45'),
(508, 9, 217, 2, '2020-12-09 10:43:45', '2020-12-09 10:43:45'),
(509, 9, 218, 2, '2020-12-09 10:43:45', '2020-12-09 10:43:45'),
(510, 9, 219, 2, '2020-12-09 10:43:45', '2020-12-09 10:43:45'),
(511, 9, 220, 2, '2020-12-09 10:43:45', '2020-12-09 10:43:45'),
(512, 9, 221, 2, '2020-12-09 10:43:45', '2020-12-09 10:43:45'),
(513, 9, 222, 2, '2020-12-09 10:43:45', '2020-12-09 10:43:45'),
(514, 9, 223, 2, '2020-12-09 10:43:45', '2020-12-09 10:43:45'),
(515, 9, 224, 2, '2020-12-09 10:43:45', '2020-12-09 10:43:45'),
(516, 9, 225, 2, '2020-12-09 10:43:46', '2020-12-09 10:43:46'),
(517, 9, 226, 2, '2020-12-09 10:43:46', '2020-12-09 10:43:46'),
(518, 9, 227, 2, '2020-12-09 10:43:46', '2020-12-09 10:43:46'),
(519, 9, 228, 2, '2020-12-09 10:43:46', '2020-12-09 10:43:46'),
(520, 9, 229, 2, '2020-12-09 10:43:46', '2020-12-09 10:43:46'),
(521, 9, 230, 2, '2020-12-09 10:43:46', '2020-12-09 10:43:46'),
(522, 9, 231, 2, '2020-12-09 10:43:46', '2020-12-09 10:43:46'),
(523, 9, 232, 2, '2020-12-09 10:43:46', '2020-12-09 10:43:46'),
(524, 9, 233, 2, '2020-12-09 10:43:46', '2020-12-09 10:43:46'),
(525, 9, 234, 2, '2020-12-09 10:43:46', '2020-12-09 10:43:46'),
(526, 9, 235, 2, '2020-12-09 10:43:47', '2020-12-09 10:43:47'),
(527, 9, 236, 2, '2020-12-09 10:43:47', '2020-12-09 10:43:47'),
(528, 9, 237, 2, '2020-12-09 10:43:47', '2020-12-09 10:43:47'),
(529, 9, 238, 2, '2020-12-09 10:43:47', '2020-12-09 10:43:47'),
(530, 9, 239, 2, '2020-12-09 10:43:47', '2020-12-09 10:43:47'),
(531, 9, 240, 2, '2020-12-09 10:43:47', '2020-12-09 10:43:47'),
(532, 9, 241, 2, '2020-12-09 10:43:47', '2020-12-09 10:43:47'),
(533, 9, 242, 2, '2020-12-09 10:43:47', '2020-12-09 10:43:47'),
(534, 9, 243, 2, '2020-12-09 10:43:47', '2020-12-09 10:43:47'),
(535, 9, 244, 2, '2020-12-09 10:43:48', '2020-12-09 10:43:48'),
(536, 9, 245, 2, '2020-12-09 10:43:48', '2020-12-09 10:43:48'),
(537, 9, 246, 2, '2020-12-09 10:43:48', '2020-12-09 10:43:48'),
(538, 9, 247, 2, '2020-12-09 10:43:48', '2020-12-09 10:43:48'),
(539, 9, 248, 2, '2020-12-09 10:43:48', '2020-12-09 10:43:48'),
(540, 9, 249, 2, '2020-12-09 10:43:48', '2020-12-09 10:43:48'),
(541, 9, 250, 2, '2020-12-09 10:43:48', '2020-12-09 10:43:48'),
(542, 9, 251, 2, '2020-12-09 10:43:49', '2020-12-09 10:43:49'),
(543, 9, 252, 2, '2020-12-09 10:43:49', '2020-12-09 10:43:49'),
(544, 9, 253, 2, '2020-12-09 10:43:49', '2020-12-09 10:43:49'),
(545, 9, 254, 2, '2020-12-09 10:43:50', '2020-12-09 10:43:50'),
(546, 9, 255, 2, '2020-12-09 10:43:50', '2020-12-09 10:43:50'),
(547, 9, 256, 2, '2020-12-09 10:43:50', '2020-12-09 10:43:50'),
(548, 9, 257, 2, '2020-12-09 10:43:50', '2020-12-09 10:43:50'),
(549, 9, 258, 2, '2020-12-09 10:43:50', '2020-12-09 10:43:50'),
(550, 9, 259, 2, '2020-12-09 10:43:50', '2020-12-09 10:43:50'),
(551, 9, 260, 2, '2020-12-09 10:43:50', '2020-12-09 10:43:50'),
(552, 9, 261, 2, '2020-12-09 10:43:50', '2020-12-09 10:43:50'),
(553, 9, 262, 2, '2020-12-09 10:43:50', '2020-12-09 10:43:50'),
(554, 9, 263, 2, '2020-12-09 10:43:50', '2020-12-09 10:43:50'),
(555, 9, 264, 2, '2020-12-09 10:43:51', '2020-12-09 10:43:51'),
(556, 9, 265, 2, '2020-12-09 10:43:51', '2020-12-09 10:43:51'),
(557, 9, 266, 2, '2020-12-09 10:43:51', '2020-12-09 10:43:51'),
(558, 9, 267, 2, '2020-12-09 10:43:51', '2020-12-09 10:43:51'),
(559, 9, 268, 2, '2020-12-09 10:43:51', '2020-12-09 10:43:51'),
(560, 9, 269, 2, '2020-12-09 10:43:51', '2020-12-09 10:43:51'),
(561, 9, 270, 2, '2020-12-09 10:43:51', '2020-12-09 10:43:51'),
(562, 9, 271, 2, '2020-12-09 10:43:51', '2020-12-09 10:43:51'),
(563, 9, 272, 2, '2020-12-09 10:43:51', '2020-12-09 10:43:51'),
(564, 9, 273, 2, '2020-12-09 10:43:51', '2020-12-09 10:43:51');

-- --------------------------------------------------------

--
-- Table structure for table `appraisals`
--

CREATE TABLE `appraisals` (
  `id` bigint UNSIGNED NOT NULL,
  `branch` int NOT NULL DEFAULT '0',
  `employee` int NOT NULL DEFAULT '0',
  `appraisal_date` varchar(255) COLLATE utf8mb4_unicode_ci NOT NULL,
  `customer_experience` int NOT NULL DEFAULT '0',
  `marketing` int NOT NULL DEFAULT '0',
  `administration` int NOT NULL DEFAULT '0',
  `professionalism` int NOT NULL DEFAULT '0',
  `integrity` int NOT NULL DEFAULT '0',
  `attendance` int NOT NULL DEFAULT '0',
  `remark` text COLLATE utf8mb4_unicode_ci,
  `created_by` int NOT NULL DEFAULT '0',
  `created_at` timestamp NULL DEFAULT NULL,
  `updated_at` timestamp NULL DEFAULT NULL
) ENGINE=InnoDB DEFAULT CHARSET=utf8mb4 COLLATE=utf8mb4_unicode_ci;

-- --------------------------------------------------------

--
-- Table structure for table `assets`
--

CREATE TABLE `assets` (
  `id` bigint UNSIGNED NOT NULL,
  `name` varchar(255) COLLATE utf8mb4_unicode_ci NOT NULL,
  `purchase_date` date NOT NULL,
  `supported_date` date NOT NULL,
  `amount` double NOT NULL DEFAULT '0',
  `description` text COLLATE utf8mb4_unicode_ci,
  `created_by` int NOT NULL DEFAULT '0',
  `created_at` timestamp NULL DEFAULT NULL,
  `updated_at` timestamp NULL DEFAULT NULL
) ENGINE=InnoDB DEFAULT CHARSET=utf8mb4 COLLATE=utf8mb4_unicode_ci;

-- --------------------------------------------------------

--
-- Table structure for table `attendance_employees`
--

CREATE TABLE `attendance_employees` (
  `id` bigint UNSIGNED NOT NULL,
  `employee_id` int NOT NULL,
  `date` date NOT NULL,
  `status` varchar(255) COLLATE utf8mb4_unicode_ci NOT NULL,
  `clock_in` time NOT NULL,
  `clock_out` time NOT NULL,
  `late` time NOT NULL,
  `early_leaving` time NOT NULL,
  `overtime` time NOT NULL,
  `total_rest` time NOT NULL,
  `created_by` int NOT NULL,
  `created_at` timestamp NULL DEFAULT NULL,
  `updated_at` timestamp NULL DEFAULT NULL
) ENGINE=InnoDB DEFAULT CHARSET=utf8mb4 COLLATE=utf8mb4_unicode_ci;

--
-- Dumping data for table `attendance_employees`
--

INSERT INTO `attendance_employees` (`id`, `employee_id`, `date`, `status`, `clock_in`, `clock_out`, `late`, `early_leaving`, `overtime`, `total_rest`, `created_by`, `created_at`, `updated_at`) VALUES
(1, 281, '2020-12-15', 'Present', '19:00:26', '18:00:00', '10:00:26', '00:00:00', '00:00:00', '00:00:00', 281, '2020-12-15 18:00:26', '2020-12-17 01:24:47'),
(2, 281, '2020-12-17', 'Present', '02:24:47', '02:24:53', '-00:00:07', '15:35:07', '00:00:00', '00:00:00', 281, '2020-12-17 01:24:47', '2020-12-17 01:24:53'),
(3, 281, '2020-12-17', 'Present', '02:24:57', '02:25:02', '-00:00:07', '15:34:58', '00:00:00', '00:00:00', 281, '2020-12-17 01:24:57', '2020-12-17 01:25:02'),
(4, 281, '2020-12-17', 'Present', '13:38:06', '13:38:10', '04:38:06', '04:21:50', '00:00:00', '00:00:00', 281, '2020-12-17 12:38:06', '2020-12-17 12:38:10');

-- --------------------------------------------------------

--
-- Table structure for table `awards`
--

CREATE TABLE `awards` (
  `id` bigint UNSIGNED NOT NULL,
  `employee_id` int NOT NULL,
  `award_type` varchar(255) COLLATE utf8mb4_unicode_ci NOT NULL,
  `date` date NOT NULL,
  `gift` varchar(255) COLLATE utf8mb4_unicode_ci NOT NULL,
  `description` varchar(255) COLLATE utf8mb4_unicode_ci NOT NULL,
  `created_by` int NOT NULL,
  `created_at` timestamp NULL DEFAULT NULL,
  `updated_at` timestamp NULL DEFAULT NULL
) ENGINE=InnoDB DEFAULT CHARSET=utf8mb4 COLLATE=utf8mb4_unicode_ci;

-- --------------------------------------------------------

--
-- Table structure for table `award_types`
--

CREATE TABLE `award_types` (
  `id` bigint UNSIGNED NOT NULL,
  `name` varchar(255) COLLATE utf8mb4_unicode_ci NOT NULL,
  `created_by` int NOT NULL,
  `created_at` timestamp NULL DEFAULT NULL,
  `updated_at` timestamp NULL DEFAULT NULL
) ENGINE=InnoDB DEFAULT CHARSET=utf8mb4 COLLATE=utf8mb4_unicode_ci;

-- --------------------------------------------------------

--
-- Table structure for table `branches`
--

CREATE TABLE `branches` (
  `id` bigint UNSIGNED NOT NULL,
  `name` varchar(255) COLLATE utf8mb4_unicode_ci NOT NULL,
  `created_by` int NOT NULL,
  `created_at` timestamp NULL DEFAULT NULL,
  `updated_at` timestamp NULL DEFAULT NULL
) ENGINE=InnoDB DEFAULT CHARSET=utf8mb4 COLLATE=utf8mb4_unicode_ci;

--
-- Dumping data for table `branches`
--

INSERT INTO `branches` (`id`, `name`, `created_by`, `created_at`, `updated_at`) VALUES
(1, 'Ibadan', 2, '2020-11-25 04:52:51', '2020-11-25 04:52:51');

-- --------------------------------------------------------

--
-- Table structure for table `commissions`
--

CREATE TABLE `commissions` (
  `id` bigint UNSIGNED NOT NULL,
  `employee_id` int NOT NULL,
  `title` varchar(255) COLLATE utf8mb4_unicode_ci NOT NULL,
  `amount` int NOT NULL,
  `created_by` int NOT NULL,
  `created_at` timestamp NULL DEFAULT NULL,
  `updated_at` timestamp NULL DEFAULT NULL
) ENGINE=InnoDB DEFAULT CHARSET=utf8mb4 COLLATE=utf8mb4_unicode_ci;

--
-- Dumping data for table `commissions`
--

INSERT INTO `commissions` (`id`, `employee_id`, `title`, `amount`, `created_by`, `created_at`, `updated_at`) VALUES
(1, 179, 'ww', 101, 2, '2020-11-26 12:43:40', '2020-11-26 12:43:40'),
(2, 179, 'dd', 103, 2, '2020-11-26 12:44:08', '2020-11-26 12:44:08'),
(3, 179, 'Test', 104, 2, '2020-11-26 12:44:29', '2020-11-26 12:44:29'),
(4, 179, 'Invoice', 109, 2, '2020-11-26 12:46:35', '2020-11-26 12:46:35');

-- --------------------------------------------------------

--
-- Table structure for table `company_policies`
--

CREATE TABLE `company_policies` (
  `id` bigint UNSIGNED NOT NULL,
  `branch` int NOT NULL,
  `title` varchar(255) COLLATE utf8mb4_unicode_ci NOT NULL,
  `description` text COLLATE utf8mb4_unicode_ci NOT NULL,
  `attachment` varchar(255) COLLATE utf8mb4_unicode_ci DEFAULT NULL,
  `created_by` int NOT NULL,
  `created_at` timestamp NULL DEFAULT NULL,
  `updated_at` timestamp NULL DEFAULT NULL
) ENGINE=InnoDB DEFAULT CHARSET=utf8mb4 COLLATE=utf8mb4_unicode_ci;

-- --------------------------------------------------------

--
-- Table structure for table `complaints`
--

CREATE TABLE `complaints` (
  `id` bigint UNSIGNED NOT NULL,
  `complaint_from` int NOT NULL,
  `complaint_against` int NOT NULL,
  `title` varchar(255) COLLATE utf8mb4_unicode_ci NOT NULL,
  `complaint_date` date NOT NULL,
  `description` varchar(255) COLLATE utf8mb4_unicode_ci NOT NULL,
  `created_by` varchar(255) COLLATE utf8mb4_unicode_ci NOT NULL,
  `created_at` timestamp NULL DEFAULT NULL,
  `updated_at` timestamp NULL DEFAULT NULL
) ENGINE=InnoDB DEFAULT CHARSET=utf8mb4 COLLATE=utf8mb4_unicode_ci;

-- --------------------------------------------------------

--
-- Table structure for table `coupons`
--

CREATE TABLE `coupons` (
  `id` bigint UNSIGNED NOT NULL,
  `name` varchar(255) COLLATE utf8mb4_unicode_ci NOT NULL,
  `code` varchar(255) COLLATE utf8mb4_unicode_ci NOT NULL,
  `discount` double(8,2) NOT NULL DEFAULT '0.00',
  `limit` int NOT NULL DEFAULT '0',
  `description` text COLLATE utf8mb4_unicode_ci,
  `is_active` int NOT NULL DEFAULT '1',
  `created_at` timestamp NULL DEFAULT NULL,
  `updated_at` timestamp NULL DEFAULT NULL
) ENGINE=InnoDB DEFAULT CHARSET=utf8mb4 COLLATE=utf8mb4_unicode_ci;

-- --------------------------------------------------------

--
-- Table structure for table `deduction_options`
--

CREATE TABLE `deduction_options` (
  `id` bigint UNSIGNED NOT NULL,
  `name` varchar(255) COLLATE utf8mb4_unicode_ci NOT NULL,
  `created_by` int NOT NULL,
  `created_at` timestamp NULL DEFAULT NULL,
  `updated_at` timestamp NULL DEFAULT NULL
) ENGINE=InnoDB DEFAULT CHARSET=utf8mb4 COLLATE=utf8mb4_unicode_ci;

--
-- Dumping data for table `deduction_options`
--

INSERT INTO `deduction_options` (`id`, `name`, `created_by`, `created_at`, `updated_at`) VALUES
(1, 'Deduction 1', 2, '2020-11-26 11:21:25', '2020-11-26 11:21:25');

-- --------------------------------------------------------

--
-- Table structure for table `departments`
--

CREATE TABLE `departments` (
  `id` bigint UNSIGNED NOT NULL,
  `branch_id` int NOT NULL,
  `name` varchar(255) COLLATE utf8mb4_unicode_ci NOT NULL,
  `created_by` int NOT NULL,
  `created_at` timestamp NULL DEFAULT NULL,
  `updated_at` timestamp NULL DEFAULT NULL
) ENGINE=InnoDB DEFAULT CHARSET=utf8mb4 COLLATE=utf8mb4_unicode_ci;

--
-- Dumping data for table `departments`
--

INSERT INTO `departments` (`id`, `branch_id`, `name`, `created_by`, `created_at`, `updated_at`) VALUES
(1, 1, 'I.T', 2, '2020-11-25 04:54:22', '2020-11-25 04:54:22');

-- --------------------------------------------------------

--
-- Table structure for table `deposits`
--

CREATE TABLE `deposits` (
  `id` bigint UNSIGNED NOT NULL,
  `account_id` int NOT NULL,
  `amount` int NOT NULL,
  `date` date NOT NULL,
  `income_category_id` int NOT NULL,
  `payer_id` int NOT NULL,
  `payment_type_id` int NOT NULL,
  `referal_id` varchar(255) COLLATE utf8mb4_unicode_ci DEFAULT NULL,
  `description` text COLLATE utf8mb4_unicode_ci,
  `created_by` int NOT NULL,
  `created_at` timestamp NULL DEFAULT NULL,
  `updated_at` timestamp NULL DEFAULT NULL
) ENGINE=InnoDB DEFAULT CHARSET=utf8mb4 COLLATE=utf8mb4_unicode_ci;

-- --------------------------------------------------------

--
-- Table structure for table `designations`
--

CREATE TABLE `designations` (
  `id` bigint UNSIGNED NOT NULL,
  `department_id` int NOT NULL,
  `name` varchar(255) COLLATE utf8mb4_unicode_ci NOT NULL,
  `created_by` int NOT NULL,
  `created_at` timestamp NULL DEFAULT NULL,
  `updated_at` timestamp NULL DEFAULT NULL
) ENGINE=InnoDB DEFAULT CHARSET=utf8mb4 COLLATE=utf8mb4_unicode_ci;

--
-- Dumping data for table `designations`
--

INSERT INTO `designations` (`id`, `department_id`, `name`, `created_by`, `created_at`, `updated_at`) VALUES
(1, 1, 'Website Development', 2, '2020-11-25 04:54:40', '2020-11-25 04:54:40');

-- --------------------------------------------------------

--
-- Table structure for table `documents`
--

CREATE TABLE `documents` (
  `id` bigint UNSIGNED NOT NULL,
  `name` varchar(255) COLLATE utf8mb4_unicode_ci NOT NULL,
  `is_required` varchar(255) COLLATE utf8mb4_unicode_ci NOT NULL,
  `created_by` int NOT NULL,
  `created_at` timestamp NULL DEFAULT NULL,
  `updated_at` timestamp NULL DEFAULT NULL
) ENGINE=InnoDB DEFAULT CHARSET=utf8mb4 COLLATE=utf8mb4_unicode_ci;

--
-- Dumping data for table `documents`
--

INSERT INTO `documents` (`id`, `name`, `is_required`, `created_by`, `created_at`, `updated_at`) VALUES
(1, 'Doc 1', '0', 2, '2020-12-02 09:45:24', '2020-12-02 09:45:24'),
(2, 'Doc 2', '1', 2, '2020-12-02 09:45:34', '2020-12-02 09:45:34');

-- --------------------------------------------------------

--
-- Table structure for table `ducument_uploads`
--

CREATE TABLE `ducument_uploads` (
  `id` bigint UNSIGNED NOT NULL,
  `name` varchar(255) COLLATE utf8mb4_unicode_ci NOT NULL,
  `role` varchar(255) COLLATE utf8mb4_unicode_ci NOT NULL,
  `document` varchar(255) COLLATE utf8mb4_unicode_ci NOT NULL,
  `description` text COLLATE utf8mb4_unicode_ci,
  `created_by` int NOT NULL DEFAULT '0',
  `created_at` timestamp NULL DEFAULT NULL,
  `updated_at` timestamp NULL DEFAULT NULL
) ENGINE=InnoDB DEFAULT CHARSET=utf8mb4 COLLATE=utf8mb4_unicode_ci;

-- --------------------------------------------------------

--
-- Table structure for table `employees`
--

CREATE TABLE `employees` (
  `id` bigint UNSIGNED NOT NULL,
  `user_id` int NOT NULL,
  `name` varchar(255) COLLATE utf8mb4_unicode_ci NOT NULL,
  `dob` date DEFAULT NULL,
  `gender` varchar(255) COLLATE utf8mb4_unicode_ci NOT NULL,
  `phone` varchar(255) COLLATE utf8mb4_unicode_ci DEFAULT NULL,
  `pfa` varchar(255) COLLATE utf8mb4_unicode_ci DEFAULT NULL,
  `nibsspfacode` varchar(255) COLLATE utf8mb4_unicode_ci DEFAULT NULL,
  `rsapin` varchar(255) COLLATE utf8mb4_unicode_ci DEFAULT NULL,
  `address` varchar(255) COLLATE utf8mb4_unicode_ci NOT NULL,
  `email` varchar(255) COLLATE utf8mb4_unicode_ci NOT NULL,
  `password` varchar(255) COLLATE utf8mb4_unicode_ci NOT NULL,
  `employee_id` varchar(255) COLLATE utf8mb4_unicode_ci NOT NULL,
  `employment_type` varchar(255) COLLATE utf8mb4_unicode_ci NOT NULL,
  `branch_id` int NOT NULL,
  `department_id` int NOT NULL,
  `designation_id` int NOT NULL,
  `head_id` int DEFAULT NULL,
  `unit_id` int DEFAULT NULL,
  `company_doj` varchar(255) COLLATE utf8mb4_unicode_ci DEFAULT NULL,
  `documents` varchar(255) COLLATE utf8mb4_unicode_ci DEFAULT NULL,
  `account_holder_name` varchar(255) COLLATE utf8mb4_unicode_ci DEFAULT NULL,
  `account_number` varchar(255) COLLATE utf8mb4_unicode_ci DEFAULT NULL,
  `bank_name` varchar(255) COLLATE utf8mb4_unicode_ci DEFAULT NULL,
  `bank_identifier_code` varchar(255) COLLATE utf8mb4_unicode_ci DEFAULT NULL,
  `branch_location` varchar(255) COLLATE utf8mb4_unicode_ci DEFAULT NULL,
  `tax_payer_id` varchar(255) COLLATE utf8mb4_unicode_ci DEFAULT NULL,
  `salary_type` int DEFAULT NULL,
  `salary` double DEFAULT '0',
  `is_payable` int NOT NULL DEFAULT '1',
  `is_active` int NOT NULL DEFAULT '1',
  `created_by` int NOT NULL,
  `created_at` timestamp NULL DEFAULT NULL,
  `updated_at` timestamp NULL DEFAULT NULL,
  `status` text COLLATE utf8mb4_unicode_ci
) ENGINE=InnoDB DEFAULT CHARSET=utf8mb4 COLLATE=utf8mb4_unicode_ci;

--
-- Dumping data for table `employees`
--

INSERT INTO `employees` (`id`, `user_id`, `name`, `dob`, `gender`, `phone`, `pfa`, `nibsspfacode`, `rsapin`, `address`, `email`, `password`, `employee_id`, `employment_type`, `branch_id`, `department_id`, `designation_id`, `head_id`, `unit_id`, `company_doj`, `documents`, `account_holder_name`, `account_number`, `bank_name`, `bank_identifier_code`, `branch_location`, `tax_payer_id`, `salary_type`, `salary`, `is_payable`, `is_active`, `created_by`, `created_at`, `updated_at`, `status`) VALUES
(179, 190, 'Quadri Bisola', NULL, 'Female', NULL, NULL, NULL, NULL, 'No Address', 'quadebony001@gmail.com', '$2y$10$vZGVKXJK1UOXnngqIJyiJutfh3r.KUqyX9dL/BaJhJXg.6wb.X//W', '1', 'Full-Time', 1, 1, 1, 1, 1, NULL, NULL, 'Quadri Bisola', 'quadebony001@gmail.com', 'Kolomoni Wallet', '0', '0', '0', 1, 1000.88, 1, 1, 2, '2020-11-25 14:42:31', '2020-11-26 12:46:52', 'Active'),
(180, 191, 'Temitayo Ifeoluwa Taiwo', NULL, 'Female', NULL, 'Oak Pensions', '34', 'PEN210042775051', 'No Address', 't.temitayo@creditassistng.com', '$2y$10$70fM0WVN.3i8rxd/AV8qaOXtMVmuCDC13XOZwGs.vlXNBeQxnUZGW', '2', 'Full-Time', 1, 1, 1, 1, 1, NULL, NULL, 'Temitayo Ifeoluwa Taiwo', 'aniketemitayo@gmail.com', 'Kolomoni Wallet', '0', '0', '0', NULL, 0, 1, 1, 2, '2020-11-25 14:42:38', '2020-11-25 14:42:38', 'Active'),
(181, 192, 'Ojo Segun Amos', NULL, 'Male', NULL, 'Pension Alliance Limited (PAL)', '25', 'PEN100547933118', 'No Address', 's.ojo@creditassistng.com', '$2y$10$BD7cGRTJoNXAe.akQWRzCOB8bIHjpyA200p8mPwnC6AQD/GR78HI6', '3', 'Full-Time', 1, 1, 1, 1, 1, NULL, NULL, 'Ojo Segun Amos', 'bigsegun25@gmail.com', 'Kolomoni Wallet', '0', '0', '0', NULL, 0, 1, 1, 2, '2020-11-25 14:42:50', '2020-11-25 14:42:50', 'Active'),
(182, 193, 'Omotosho Caroline Olawumi', NULL, 'Female', NULL, 'ARM Pensions', '26', 'PEN200449310417', 'No Address', 'c.omotosho@creditassistng.com', '$2y$10$7tGio1rIX4pVppgBQCNFCOx9P3/vzfIcZBer5nQN7.xNvMFsL5Pie', '4', 'Full-Time', 1, 1, 1, 1, 1, NULL, NULL, 'Omotosho Caroline Olawumi', 'omotoshocaroline85@gmail.com', 'Kolomoni Wallet', '0', '0', '0', NULL, 0, 1, 1, 2, '2020-11-25 14:42:55', '2020-11-25 14:42:55', 'Active'),
(183, 194, 'Akinwale Falodun', NULL, 'Male', NULL, 'AIICO ', '33', 'PEN100772791019', 'No Address', 'akinwalefalodun@gmail.com', '$2y$10$LU/r4vUFUVI1515psbX7kOiZNEIc3XhLxS0p5qWi51p/AK5oU6Xtq', '5', 'Full-Time', 1, 1, 1, 1, 1, NULL, NULL, 'Akinwale Falodun', 'akinwalefalodun@gmail.com', 'Kolomoni Wallet', '0', '0', '0', NULL, 0, 1, 1, 2, '2020-11-25 14:43:00', '2020-11-25 14:43:00', 'Active'),
(184, 195, 'Lasaki Taiwo Ayodeji', NULL, 'Male', NULL, 'Pension Alliance Limited (PAL)', '25', 'PEN100465469317', 'No Address', 't.lasaki@creditassistng.com', '$2y$10$CyGWV4nNO1WCOtSzamICmetWJ0LzUXwzbFG99UaZ0Lja1nF2iUdvO', '6', 'Full-Time', 1, 1, 1, 1, 1, NULL, NULL, 'Lasaki Taiwo Ayodeji', 'taiwolasaki@yahoo.com', 'Kolomoni Wallet', '0', '0', '0', NULL, 0, 1, 1, 2, '2020-11-25 14:43:04', '2020-11-25 14:43:04', 'Active'),
(185, 196, 'Omo Ewelifoh', NULL, 'Female', NULL, NULL, NULL, NULL, 'No Address', 'o.ewelifoh@creditassistng.com', '$2y$10$DOPNtxq6/R/Fg9bdRWMuHOKr9AFcdFzGe9u5cPGjSUwc2CpGvL8Ke', '7', 'Full-Time', 1, 1, 1, 1, 1, NULL, NULL, 'Omo Ewelifoh', 'o.ewelifoh@creditassistng.com', 'Kolomoni Wallet', '0', '0', '0', NULL, 0, 1, 1, 2, '2020-11-25 14:43:08', '2020-11-25 14:43:08', 'Active'),
(186, 197, 'Adalumo Folakemi Caroline ', NULL, 'Female', NULL, NULL, NULL, NULL, 'No Address', 'f.adalumo@creditassistng.com', '$2y$10$lf..Rg.I8Ev/H2cO8do5ie5etS2K11tsS3tyth0l076Po1/NLnA9q', '8', 'Full-Time', 1, 1, 1, 1, 1, NULL, NULL, 'Adalumo Folakemi Caroline ', 'adalumoflakky08@gmail.com', 'Kolomoni Wallet', '0', '0', '0', NULL, 0, 1, 1, 2, '2020-11-25 14:43:13', '2020-11-25 14:43:13', 'Resigned effective immediately October 8, 2020. Promised to pay in lieu by December 31st and return the phone. Hard copy commitment and resignation is with the accountant.'),
(187, 198, 'Ogunmiloro Raymond ', NULL, 'Male', NULL, 'Oak Pensions', '34', 'PEN110026902314', 'No Address', 'r.ogunmiloro@creditassistng.com', '$2y$10$4qLik9TU3mf03NdDYS8GNeKVEeGJT1R//D3pfJcQ6T7FDZCqrLhZC', '9', 'Full-Time', 1, 1, 1, 1, 1, NULL, NULL, 'Ogunmiloro Raymond ', 'molororaymond@gmail.com', 'Kolomoni Wallet', '0', '0', '0', NULL, 0, 1, 1, 2, '2020-11-25 14:43:19', '2020-11-25 14:43:19', 'Active'),
(188, 199, 'Olaosun Oluwabunmi Deborah', NULL, 'Female', NULL, 'AIICO ', '33', 'PEN200768093121', 'No Address', 'o.olubunmi@creditassistng.com', '$2y$10$3cRPA7qRQA/hBCnfSjoLLemq0eHQqqVRHaxT12njLylkd8MHAjoji', '10', 'Full-Time', 1, 1, 1, 1, 1, NULL, NULL, 'Olaosun Oluwabunmi Deborah', 'bunmiolaosun@gmail.com', 'Kolomoni Wallet', '0', '0', '0', NULL, 0, 1, 1, 2, '2020-11-25 14:43:26', '2020-11-25 14:43:26', 'Resigned effective immediately November 2, 2020. Still owing yet to pay in lieu or provide commitment datemade a case around pension arrears of previous year yet to be paid. '),
(189, 200, 'Obalusi Peace', NULL, 'Female', NULL, NULL, NULL, NULL, 'No Address', 'obalusipeace@gmail.com', '$2y$10$lNBM6YdxU.TV/gkKgs8nj.Q1ts9k6D3fEuBRvfDmUIww0RANH40da', '11', 'Full-Time', 1, 1, 1, 1, 1, NULL, NULL, 'Obalusi Peace', 'obalusipeace@gmail.com', 'Kolomoni Wallet', '0', '0', '0', NULL, 0, 1, 1, 2, '2020-11-25 14:43:32', '2020-11-25 14:43:32', 'Active'),
(190, 201, 'Adebayo Olajide', NULL, 'Male', NULL, NULL, NULL, NULL, 'No Address', 'j.adebayo@creditassistng.com', '$2y$10$HVdWI1BgYNNu3b17C55XwOBg7jsSt4OFi1tWjyVI0azVUOHDhMQ1S', '12', 'Full-Time', 1, 1, 1, 1, 1, NULL, NULL, 'Adebayo Olajide', 'jibexiss@gmail.com', 'Kolomoni Wallet', '0', '0', '0', NULL, 0, 1, 1, 2, '2020-11-25 14:43:43', '2020-11-25 14:43:43', 'Active'),
(191, 202, 'Omotosho Olasukanmi Micheal', NULL, 'Male', NULL, NULL, NULL, NULL, 'No Address', 'gonldensaam@gmail.com', '$2y$10$aIkJZAxmunC/ZMiwu3AWzO1zM8XwDG.DY8xtcAab95NqTFnfdOV9m', '13', 'Full-Time', 1, 1, 1, 1, 1, NULL, NULL, 'Omotosho Olasukanmi Micheal', 'gonldensaam@gmail.com', 'Kolomoni Wallet', '0', '0', '0', NULL, 0, 1, 1, 2, '2020-11-25 14:43:49', '2020-11-25 14:43:49', 'Compulsory Leave'),
(192, 203, 'Abdullahi Hameed', NULL, 'Male', NULL, NULL, NULL, NULL, 'No Address', 'hammedabdullahi212@gmail.com', '$2y$10$Y2wNWKNVLoHtUkuzGvf8OulffM7Bha6cS1pe52Ed5paRz93GL7kZ.', '14', 'Full-Time', 1, 1, 1, 1, 1, NULL, NULL, 'Abdullahi Hameed', 'hammedabdullahi212@gmail.com', 'Kolomoni Wallet', '0', '0', '0', NULL, 0, 1, 1, 2, '2020-11-25 14:43:53', '2020-11-25 14:43:53', 'Terminated. Notice given. Last Day September 30 2020'),
(193, 204, 'Adeola Suara', NULL, 'Female', NULL, NULL, NULL, NULL, 'No Address', 'adeolasuara@example.com', '$2y$10$bZ/CrR3ecJ.bXpTxih56G.0JK7iMVdfl86g3w5YxiEDIRORJimo46', '15', 'Full-Time', 1, 1, 1, 1, 1, NULL, NULL, 'Adeola Suara', NULL, 'Kolomoni Wallet', '0', '0', '0', NULL, 0, 1, 1, 2, '2020-11-25 14:43:58', '2020-11-25 14:43:58', 'Resigned without following due process Jun-2020'),
(194, 205, 'Oyedotun Samuel ', NULL, 'Male', NULL, NULL, NULL, NULL, 'No Address', 'sveltesam83@gmail.com', '$2y$10$CZS4nS4Cn9YUhizHfY1n3.BjHhGZQK1REndb.L7Ly7wjhoi3WLyRu', '16', 'Full-Time', 1, 1, 1, 1, 1, NULL, NULL, 'Oyedotun Samuel ', 'sveltesam83@gmail.com  ', 'Kolomoni Wallet', '0', '0', '0', NULL, 0, 1, 1, 2, '2020-11-25 14:44:04', '2020-11-25 14:44:04', 'Terminated  September 4,2020'),
(195, 206, 'Adeyemi Adedamola', NULL, 'Male', NULL, 'ARM Pensions', '26', 'PEN100897170014', 'No Address', 'damade4u@gmail.com', '$2y$10$Tc2Jg/G2nFiz7yPMNKYphen9el8OpYrm8e6EcmHDstR4nShvQlPUa', '17', 'Full-Time', 1, 1, 1, 1, 1, NULL, NULL, 'Adeyemi Adedamola', 'damade4u@gmail.com', 'Kolomoni Wallet', '0', '0', '0', NULL, 0, 1, 1, 2, '2020-11-25 14:44:08', '2020-11-25 14:44:08', 'Active'),
(196, 207, 'Babajide Adebayo Adeniji', NULL, 'Male', NULL, 'Oak Pensions', '34', 'PEN110038320589', 'No Address', 'b.adebayo@creditassistng.com', '$2y$10$Fp6iDK33P4WQHxtzNKzDsOvUmxwarQpTIJUFydA1szNPCkGHRxuhK', '18', 'Full-Time', 1, 1, 1, 1, 1, NULL, NULL, 'Babajide Adebayo Adeniji', 'b.adebayo@creditassistng.com', 'Kolomoni Wallet', '0', '0', '0', NULL, 0, 1, 1, 2, '2020-11-25 14:44:12', '2020-11-25 14:44:12', 'Active'),
(197, 208, 'Dotun Oluwatimileyin Adeagbo', NULL, 'Male', NULL, 'Oak Pensions', '34', 'PEN110038491744', 'No Address', 'd.adeagbo@creditassistng.com', '$2y$10$r8L0YAH5uNYp.8RUuJ3B..EkZJClH4pt4OlT0PwqXbrfFcXYWB/2G', '19', 'Full-Time', 1, 1, 1, 1, 1, NULL, NULL, 'Dotun Oluwatimileyin Adeagbo', 'timileyinadeagbo@gmail.com', 'Kolomoni Wallet', '0', '0', '0', NULL, 0, 1, 1, 2, '2020-11-25 14:44:17', '2020-11-25 14:44:17', 'Active'),
(198, 209, 'Oikeh Tomide', NULL, 'Male', NULL, 'Premium Pensions', '22', 'PEN100853312014', 'No Address', 'tomide77@gmail.com', '$2y$10$fcJ9Fu9pU/EJWKt89niAg.JAVMBowNdKbtzLqw/ZPbRSSLJ/9hOGi', '20', 'Full-Time', 1, 1, 1, 1, 1, NULL, NULL, 'Oikeh Tomide', 'tomide77@gmail.com', 'Kolomoni Wallet', '0', '0', '0', NULL, 0, 1, 1, 2, '2020-11-25 14:44:22', '2020-11-25 14:44:22', 'Dismissed 23 September 2020. Was absent from work since 16  September 2020 based on claims line manager said he will not be paid till 16 September, 2020. He didnt resign or communicate till invited for a disciplinary hearing. Didin\'t show up. Salary forfeited'),
(199, 210, 'Adesokan Mercy Deborah', NULL, 'Female', NULL, 'Oak Pensions', '34', 'PEN210026460272', 'No Address', 'm.adesokan@creditassistng.com', '$2y$10$KVUdjXqnD6Ss5oUu5eyFeOhVqbIBdHf33HvLcGuMErfRyKGiqsh26', '21', 'Full-Time', 1, 1, 1, 1, 1, NULL, NULL, 'Adesokan Mercy Deborah', 'mercyadesokan@gmail.com', 'Kolomoni Wallet', '0', '0', '0', NULL, 0, 1, 1, 2, '2020-11-25 14:44:27', '2020-11-25 14:44:27', 'Active'),
(200, 211, 'John Vivian Blessing', NULL, 'Female', NULL, NULL, NULL, NULL, 'No Address', 'vivianjohn1007@gmail.com', '$2y$10$t/Io98UgGUoPX/vkvVEAWObHre4cUuHMmeg0DbloGNNFNfTJ/k/2.', '22', 'Full-Time', 1, 1, 1, 1, 1, NULL, NULL, 'John Vivian Blessing', 'vivianjohn1007@gmail.com', 'Access', '0', '0', '0', NULL, 0, 1, 1, 2, '2020-11-25 14:44:34', '2020-11-25 14:44:34', 'Terminated- 8-Aug-2020. Commenced Outsourcing'),
(201, 212, 'Ogunwole  Damilola Clara ', NULL, 'Female', NULL, 'Oak Pensions', '34', 'PEN210041227142 ', 'No Address', 'c.ogunwole@creditassistng.com', '$2y$10$8KxI5nf7v./tYKBpGgGP8uMpcclSAZvOxQTQaR5yTi8aRn8lE1aIC', '23', 'Full-Time', 1, 1, 1, 1, 1, NULL, NULL, 'Ogunwole  Damilola Clara ', 'claraogunwole13@gmail.com', 'Kolomoni Wallet', '0', '0', '0', NULL, 0, 1, 1, 2, '2020-11-25 14:44:38', '2020-11-25 14:44:38', 'Active'),
(202, 213, 'Iji Angella Ogwa', NULL, 'Female', NULL, 'Oak Pensions', '34', 'PEN210026459995', 'No Address', 'a.iji@creditassistng.com', '$2y$10$nfeCjlaKpOC1IXg8DDwRsej5pdwrgvCSisYky10/SGjWQoUHuA1bK', '24', 'Full-Time', 1, 1, 1, 1, 1, NULL, NULL, 'Iji Angella Ogwa', 'hangelahstorm@gmail.com', 'Kolomoni Wallet', '0', '0', '0', NULL, 0, 1, 1, 2, '2020-11-25 14:44:42', '2020-11-25 14:44:42', 'Active'),
(203, 214, 'Adekunle Adebayo Sunday', NULL, 'Male', NULL, NULL, NULL, NULL, 'No Address', 'adekunleadebayor13@gmail.com', '$2y$10$RXmtMCck9GKrbR6QSEA89urU6SGaU9bmV1EGkF40gaudgPqFTYRuO', '25', 'Full-Time', 1, 1, 1, 1, 1, NULL, NULL, 'Adekunle Adebayo Sunday', 'adekunleadebayor13@gmail.com', 'Kolomoni Wallet', '0', '0', '0', NULL, 0, 1, 1, 2, '2020-11-25 14:44:47', '2020-11-25 14:44:47', 'Terminated  September 4,2020'),
(204, 215, 'Orepekan Esther Olamide ', NULL, 'Female', NULL, 'Oak Pensions', '34', 'PEN210034063614', 'No Address', 'o.orepekan@creditassistng.com', '$2y$10$WIQ808KdKkSYmmC.12/YXOZNzgqhYRoJuOoQsKw2wLtk111NdSFDW', '26', 'Full-Time', 1, 1, 1, 1, 1, NULL, NULL, 'Orepekan Esther Olamide ', 'olamideorepekan@gmail.com', 'Kolomoni Wallet', '0', '0', '0', NULL, 0, 1, 1, 2, '2020-11-25 14:44:55', '2020-11-25 14:44:55', 'Active'),
(205, 216, 'Makanjuola Zainab Fisayo', NULL, 'Female', NULL, 'Oak Pensions', '34', 'PEN210033763286', 'No Address', 'f.makanjuola@creditassistng.com', '$2y$10$/K.FM9GZoOl0J0u/Q/HNTe.ztvWFoQaE3kp73hjh/vXL8w8AyOd0.', '27', 'Full-Time', 1, 1, 1, 1, 1, NULL, NULL, 'Makanjuola Zainab Fisayo', 'makanjuola.fisayo@gmail.com', 'Kolomoni Wallet', '0', '0', '0', NULL, 0, 1, 1, 2, '2020-11-25 14:44:59', '2020-11-25 14:44:59', 'Active'),
(206, 217, 'Otuyemi Opeyemi', NULL, 'Female', NULL, 'FCMB Pensions', '30', 'PEN200945787320', 'No Address', 'o.otuyemi@creditassistng.com', '$2y$10$umBAVNbaj9wCehr0TI5fv.QiV1PWyxqnTUh50K4wsQj1tsxNvuedK', '28', 'Full-Time', 1, 1, 1, 1, 1, NULL, NULL, 'Otuyemi Opeyemi', ' opeyemiotuyemi@yahoo.com', 'GTB', '0', '0', '0', NULL, 0, 1, 1, 2, '2020-11-25 14:45:03', '2020-11-25 14:45:03', 'Active'),
(207, 218, 'Shitta-Osho Hakeem Ajibola', NULL, 'Male', NULL, 'Pension Alliance Limited (PAL)', '25', 'PEN100950716612', 'No Address', 'ajibolashitta01@gmail.com ', '$2y$10$4L2gTo/IlsJWoJfp/MAAq.8WpFUxHx97CPK8k5b7I6NZOvteJmcuy', '29', 'Full-Time', 1, 1, 1, 1, 1, NULL, NULL, 'Shitta-Osho Hakeem Ajibola', 'ajibolashitta01@gmail.com ', 'Kolomoni Wallet', '0', '0', '0', NULL, 0, 1, 1, 2, '2020-11-25 14:45:08', '2020-11-25 14:45:08', 'Resigned 14-August-2020; Last Day 27-August-2020'),
(208, 219, 'Bamidele Oyinloluwa Olanrewaju', NULL, 'Male', NULL, NULL, NULL, NULL, 'No Address', 'oyinloluwabamidele@gmail.com', '$2y$10$y4Rn2b6Z9fF0.Xc.BT4cneZ6Mn0QLLu.W8iHvwVeoSdKGMpTkjlw2', '30', 'Full-Time', 1, 1, 1, 1, 1, NULL, NULL, 'Bamidele Oyinloluwa Olanrewaju', 'oyinloluwabamidele@gmail.com', 'Kolomoni Wallet', '0', '0', '0', NULL, 0, 1, 1, 2, '2020-11-25 14:45:13', '2020-11-25 14:45:13', 'Resigned  25-Jun-2020; Last Day 24'),
(209, 220, 'Emamuzo Omokiti', NULL, 'Female', NULL, 'Crusader Sterling Pensions', '32', 'PEN200874657724', 'No Address', 'e.omokiti@creditassistng.com', '$2y$10$1/9fh9dHO1vuk.eGq63mDuble83pqu0BDUaT.xUZbIUeKFKQrW3lm', '31', 'Full-Time', 1, 1, 1, 1, 1, NULL, NULL, 'Emamuzo Omokiti', 'momokiti@yahoo.com', 'Kolomoni Wallet', '0', '0', '0', NULL, 0, 1, 1, 2, '2020-11-25 14:45:19', '2020-11-25 14:45:19', 'Active'),
(210, 221, 'Olayemi Funmilola Rhoda', NULL, 'Female', NULL, NULL, NULL, NULL, 'No Address', 'funmilolaolayemi8@gmail.com', '$2y$10$bHrBrWL1akFE4eDbNUKHy.uvdHrBMD/OoFDTyYmzA4erQ.OwRVeqC', '32', 'Full-Time', 1, 1, 1, 1, 1, NULL, NULL, 'Olayemi Funmilola Rhoda', 'funmilolaolayemi8@gmail.com', 'Kolomoni Wallet', '0', '0', '0', NULL, 0, 1, 1, 2, '2020-11-25 14:45:24', '2020-11-25 14:45:24', 'Active'),
(211, 222, 'Akande Sukurat Odunola', NULL, 'Female', NULL, 'Oak Pensions', '34', 'PEN210033763194', 'No Address', 'akandesukuratodunolaclassic@gmail.com', '$2y$10$aONYoLa5fk6C/p7y/fx5UOBSqejWIhgXN8LqOKxV1DCziWlYyF/w.', '33', 'Full-Time', 1, 1, 1, 1, 1, NULL, NULL, 'Akande Sukurat Odunola', 'akandesukuratodunolaclassic@gmail.com', 'Kolomoni Wallet', '0', '0', '0', NULL, 0, 1, 1, 2, '2020-11-25 14:45:30', '2020-11-25 14:45:30', 'Active'),
(212, 223, 'Afolabi Damilare Semiu', NULL, 'Male', NULL, 'Premium Pensions', '22', 'PEN110008083264', 'No Address', 'd.afolabi@creditassistng.com', '$2y$10$cB5q//C34C8AEyCulnsnc.8ATSZ6eoOobmEPmUCH4Loy45iJ3QiZe', '34', 'Full-Time', 1, 1, 1, 1, 1, NULL, NULL, 'Afolabi Damilare Semiu', 'holydonados@gmail.com', 'Kolomoni Wallet', '0', '0', '0', NULL, 0, 1, 1, 2, '2020-11-25 14:45:34', '2020-11-25 14:45:34', 'Active'),
(213, 224, 'Olubunmi Tosin  Victor', NULL, 'Male', NULL, NULL, NULL, NULL, 'No Address', 't.olubunmi@creditassistng.com', '$2y$10$GoGI3QuHPEYvctOTDMU22uWUG5.U9BEi1xVxMYWV7gwjigljapSWW', '35', 'Full-Time', 1, 1, 1, 1, 1, NULL, NULL, 'Olubunmi Tosin  Victor', 'olubunmivictor6@gmail.com', 'Kolomoni Wallet', '0', '0', '0', NULL, 0, 1, 1, 2, '2020-11-25 14:45:38', '2020-11-25 14:45:38', 'Active'),
(214, 225, 'Peace Maurice Emem', NULL, 'Female', NULL, NULL, NULL, NULL, 'No Address', 'peace@mail.com', '$2y$10$kQwoBTWF7TD8dLEGZG8yquDRzXeXVo0Ft3eqCZ6kULgfs2vt7TyDq', '36', 'Full-Time', 1, 1, 1, 1, 1, NULL, NULL, 'Peace Maurice Emem', NULL, 'GTB', '0', '0', '0', NULL, 0, 1, 1, 2, '2020-11-25 14:45:43', '2020-11-25 14:45:43', 'Terminated- 10-Aug-2020. Commenced Outsourcing'),
(215, 226, 'Aliyu Mohammed', NULL, 'Male', NULL, 'Oak Pensions', '34', 'PEN110032895886', 'No Address', 'a.mohammed@creditassistng.com', '$2y$10$PjH8X2F2JiftU/GUGdZ.TOP3GkvweyLezSFtoxmiFDC2/FKWMorKi', '37', 'Full-Time', 1, 1, 1, 1, 1, NULL, NULL, 'Aliyu Mohammed', 'ozogajnr@gmail.com', 'Kolomoni Wallet', '0', '0', '0', NULL, 0, 1, 1, 2, '2020-11-25 14:45:49', '2020-11-25 14:45:49', 'Active'),
(216, 227, 'Suleiman Isah Ismail', NULL, 'Male', NULL, 'Stanbic IBTC Pensions', '21', 'PEN110008115995', 'No Address', 'iisulaiman94@gmail.com', '$2y$10$t9Evhe8h3htSpZRuolStl.9X0ECKr5VXYSeEzQfUwqMrl1Nl39KTe', '38', 'Full-Time', 1, 1, 1, 1, 1, NULL, NULL, 'Suleiman Isah Ismail', 'iisulaiman94@gmail.com', 'Kolomoni Wallet', '0', '0', '0', NULL, 0, 1, 1, 2, '2020-11-25 14:45:53', '2020-11-25 14:45:53', 'Active'),
(217, 228, 'Mamuda Suleiman Ahmad', NULL, 'Male', NULL, NULL, NULL, NULL, 'No Address', 'mamuda@mail.com', '$2y$10$zdAJi6w/BycNdiF3BZabQOJARVzE9utXAQwoUhAggKtBfhJql5yKe', '39', 'Full-Time', 1, 1, 1, 1, 1, NULL, NULL, 'Mamuda Suleiman Ahmad', NULL, 'UBA', '0', '0', '0', NULL, 0, 1, 1, 2, '2020-11-25 14:45:57', '2020-11-25 14:45:57', 'Terminated- 8-Aug-2020. Commenced Outsourcing'),
(218, 229, 'Oyedepo Fikayo', NULL, 'Female', NULL, 'Oak Pensions', '34', 'PEN210039408473', 'No Address', 'f.oyedepo@creditassistng.com', '$2y$10$C73CkOOM6oyUnugLRJk1oejCY9WsWKKJU/fIwm01aXlcMIcxGNYru', '40', 'Full-Time', 1, 1, 1, 1, 1, NULL, NULL, 'Oyedepo Fikayo', 'fikayooyedepo@gmail.com', 'Kolomoni Wallet', '0', '0', '0', NULL, 0, 1, 1, 2, '2020-11-25 14:46:04', '2020-11-25 14:46:04', 'Active'),
(219, 230, 'Rita Balogun', NULL, 'Female', NULL, 'Investment One', '40', 'PEN200646623819', 'No Address', 'r.balogun@creditassistng.com', '$2y$10$d0map5xEEeMxRKPGQrKCA.RGWBB8sDjKCI/x6axyp4rfcF30VQvwy', '41', 'Full-Time', 1, 1, 1, 1, 1, NULL, NULL, 'Rita Balogun', 'balogunrita90@gmail.com ', 'GTB', '0', '0', '0', NULL, 0, 1, 1, 2, '2020-11-25 14:46:07', '2020-11-25 14:46:07', 'Active'),
(220, 231, 'Canaan Etaigbenu', NULL, 'Male', NULL, 'Stanbic IBTC Pensions', '21', 'PEN100876520820', 'No Address', 'c.etai@creditassistng.com', '$2y$10$IPHzr/is48BJ/17PTzvrdOz0MfJVsqt0SuZO3kJ1V1GZMetpauQWu', '42', 'Full-Time', 1, 1, 1, 1, 1, NULL, NULL, 'Canaan Etaigbenu', 'canaanetai@gmail.com', 'Kolomoni Wallet', '0', '0', '0', NULL, 0, 1, 1, 2, '2020-11-25 14:46:15', '2020-11-25 14:46:15', 'Active'),
(221, 232, 'Ayeni Opeyemi', NULL, 'Female', NULL, 'Crusader Sterling Pensions', '32', 'PEN200633485814', 'No Address', 'o.ayeni@creditassistng.com', '$2y$10$7WRLygsAhIiQT5OGwbIrv.77S8FHnAmDOYUP0hORia9GmMtk56HYi', '43', 'Full-Time', 1, 1, 1, 1, 1, NULL, NULL, 'Ayeni Opeyemi', 'agbedeopeyemi@gmail.com', 'Kolomoni Wallet', '0', '0', '0', NULL, 0, 1, 1, 2, '2020-11-25 14:46:19', '2020-11-25 14:46:19', 'Active'),
(222, 233, 'Obi Chineye Vivian ', NULL, 'Female', NULL, 'Fidelity Pensions', '43', 'PEN200782554121', 'No Address', 'c.obi@creditassistng.com', '$2y$10$MH1uQMu0cPD9fOvLYDenI.J/Z0k6Mx9sNAVx0lAVuSV.c56yEcSTG', '44', 'Full-Time', 1, 1, 1, 1, 1, NULL, NULL, 'Obi Chineye Vivian ', 'vivianobi247@yahoo.com ', 'Kolomoni Wallet', '0', '0', '0', NULL, 0, 1, 1, 2, '2020-11-25 14:46:24', '2020-11-25 14:46:24', 'Terminated. Notice given. Last Day September 30 2020'),
(223, 234, 'Oikerhe Stephen ', NULL, 'Male', NULL, 'Stanbic IBTC Pensions', '21', 'PEN100928354221`', 'No Address', 'stephenoikerhe788@gmail.com', '$2y$10$.6xY.yHaicn2NByHyDx8CuKLfi7iUmfJ0bxuGOPcfMI5QD0AgcZ2K', '45', 'Full-Time', 1, 1, 1, 1, 1, NULL, NULL, 'Oikerhe Stephen ', 'stephenoikerhe788@gmail.com', 'Kolomoni Wallet', '0', '0', '0', NULL, 0, 1, 1, 2, '2020-11-25 14:46:30', '2020-11-25 14:46:30', 'Active'),
(224, 235, 'Ogunleye Folorunsho Isaac', NULL, 'Male', NULL, 'FCMB Pensions', '30', 'PEN100745764523', 'No Address', 'f.ogunleye@creditassistng.com', '$2y$10$aFNgM1t3Ws/eSNFRdnI4XeDYWDipi/bjeXoAWrf.hIMpZEOm75cT2', '46', 'Full-Time', 1, 1, 1, 1, 1, NULL, NULL, 'Ogunleye Folorunsho Isaac', 'funshowealth_2014@yahoo.com', 'Kolomoni Wallet', '0', '0', '0', NULL, 0, 1, 1, 2, '2020-11-25 14:46:35', '2020-11-25 14:46:35', 'Active'),
(225, 236, 'Durojaye Gbenga Samuel ', NULL, 'Male', NULL, 'Premium Pensions', '22', 'PEN110046990391', 'No Address', 'talk2simplesoul@gmail.com', '$2y$10$pkhbIJaw6mQQSanTC3XKC.dwGY1w9jsa3VKNqLu0yyxEkQ0apFiIm', '47', 'Full-Time', 1, 1, 1, 1, 1, NULL, NULL, 'Durojaye Gbenga Samuel ', 'talk2simplesoul@gmail.com', 'Kolomoni Wallet', '0', '0', '0', NULL, 0, 1, 1, 2, '2020-11-25 14:46:42', '2020-11-25 14:46:42', 'Active'),
(226, 237, 'Orih Wisdom U.', NULL, 'Male', NULL, 'Stanbic IBTC Pensions', '21', 'PEN100908237213', 'No Address', 'w.orih@creditassistng.com', '$2y$10$Q6yNiUdLdMg2RTCU/00oYeaWbBbsVoXuXBlj0ufFFdWBAtev1.HP6', '48', 'Full-Time', 1, 1, 1, 1, 1, NULL, NULL, 'Orih Wisdom U.', 'wisdomorih@gmail.com', 'Kolomoni Wallet', '0', '0', '0', NULL, 0, 1, 1, 2, '2020-11-25 14:46:48', '2020-11-25 14:46:48', 'Terminated. Notice given. Last Day September 30 2020'),
(227, 238, 'Muhammad Sulaiman ', NULL, 'Male', NULL, 'Premium Pensions', '22', 'PEN110017665891', 'No Address', 'smsabo86@gmail.com', '$2y$10$pmWjeDLsaKDyUzBV2JJF1.6YINBCNb2D5.lxozOsG4gnfNnaHMVN2', '49', 'Full-Time', 1, 1, 1, 1, 1, NULL, NULL, 'Muhammad Sulaiman ', 'smsabo86@gmail.com', 'Kolomoni Wallet', '0', '0', '0', NULL, 0, 1, 1, 2, '2020-11-25 14:46:52', '2020-11-25 14:46:52', 'Active'),
(228, 239, 'Olalude Charles Olorunfemi ', NULL, 'Male', NULL, 'Leadway Pensure', '23', 'PEN100867615723', 'No Address', 'c.olalude@creditassistng.com', '$2y$10$29iENQGaXedKITp7xnhk5.rm6MAOyipTYXRfQzSqZBljpCTpxw5mG', '50', 'Full-Time', 1, 1, 1, 1, 1, NULL, NULL, 'Olalude Charles Olorunfemi ', 'femi.olalude@gmail.com', 'Kolomoni Wallet', '0', '0', '0', NULL, 0, 1, 1, 2, '2020-11-25 14:46:56', '2020-11-25 14:46:56', 'Active'),
(229, 240, 'Shamsu Abubakar Isyaku ', NULL, 'Male', NULL, 'AIICO', NULL, 'PEN110002797052', 'No Address', 'shamsuisyaku26@gmail.com', '$2y$10$GT0TMF5wN9Kh12G4a9LQyOSI9eKSbkmgOQuIYsyOozR7nTyWvZIh2', '51', 'Full-Time', 1, 1, 1, 1, 1, NULL, NULL, 'Shamsu Abubakar Isyaku ', 'shamsuisyaku26@gmail.com', 'Kolomoni Wallet', '0', '0', '0', NULL, 0, 1, 1, 2, '2020-11-25 14:47:00', '2020-11-25 14:47:00', 'Terminated. Notice given. Last Day November 17 2020'),
(230, 241, 'Osofuye Ariyo Adesegun', NULL, 'Male', NULL, 'Leadway Pensure', '23', 'PEN110019920951', 'No Address', 'osofuyeariyo@gmail.com', '$2y$10$su6d.rX6YunmXF59zex8puPCsojUlWtub4Hm58blC/EHUQAJZ6/2W', '52', 'Full-Time', 1, 1, 1, 1, 1, NULL, NULL, 'Osofuye Ariyo Adesegun', 'osofuyeariyo@gmail.com', 'Kolomoni Wallet', '0', '0', '0', NULL, 0, 1, 1, 2, '2020-11-25 14:47:05', '2020-11-25 14:47:05', 'Active'),
(231, 242, 'Abdulkareem Yusuf  Audu', NULL, 'Male', NULL, 'AIICO', '33', 'PEN110018756546', 'No Address', 'abdulkareemyusuf080@gmail.com', '$2y$10$kKv9R9ck0l.l4fBTr.fxc.XH5WilMiJtjA2wAoj5TEP97cIbnLZpG', '53', 'Full-Time', 1, 1, 1, 1, 1, NULL, NULL, 'Abdulkareem Yusuf  Audu', 'abdulkareemyusuf080@gmail.com', 'Kolomoni Wallet', '0', '0', '0', NULL, 0, 1, 1, 2, '2020-11-25 14:47:10', '2020-11-25 14:47:10', 'Terminated. Notice given. Last Day November 17 2020'),
(232, 243, 'Ugbah Isioma', NULL, 'Female', NULL, NULL, NULL, NULL, 'No Address', 'i.ugbah@creditassistng.com', '$2y$10$1z0rx2Tt1FjSQsFXLmsxVeypmN0GxeYyQbge0JdkWon3Xpl.zvWba', '54', 'Full-Time', 1, 1, 1, 1, 1, NULL, NULL, 'Ugbah Isioma', 'ugbahisioma@gmail.com', 'Kolomoni Wallet', '0', '0', '0', NULL, 0, 1, 1, 2, '2020-11-25 14:47:15', '2020-11-25 14:47:15', 'Active'),
(233, 244, 'Adekeye Oluwatobi Kehinde  ', NULL, 'Male', NULL, 'Leadway Pensure', '23', 'PEN100767539920', 'No Address', 'mr.kadekeye@gmail.com', '$2y$10$DVdGMrjkhV9RoJ1ltWBvzOj5g34hzKMzwwZQuT0L5BQwgtLkasDNK', '55', 'Full-Time', 1, 1, 1, 1, 1, NULL, NULL, 'Adekeye Oluwatobi Kehinde  ', 'mr.kadekeye@gmail.com', 'Kolomoni Wallet', '0', '0', '0', NULL, 0, 1, 1, 2, '2020-11-25 14:47:19', '2020-11-25 14:47:19', 'Resigned Effective Immediately on claims Line Manager lied agaisnt him based in attendance 16-September-2020; Refused to tender apology to the organisation and  Line Manager. Ignorned invite to disciplinary panel. Dismissed 13 September 2020. Salary forfeited. No notice period given'),
(234, 245, 'Adeneye Olamilekan A.', NULL, 'Male', NULL, 'Oak Pensions', '34', 'PEN110042774111', 'No Address', 'o.adeneye@creditassistng.com', '$2y$10$PT6DKhnhpoljhTnc.uXMru0b6lWOjP334l/4pHykJvRzaxWr0rGDC', '56', 'Full-Time', 1, 1, 1, 1, 1, NULL, NULL, 'Adeneye Olamilekan A.', 'olamilekanadeneye1@gmail.com', 'Kolomoni Wallet', '0', '0', '0', NULL, 0, 1, 1, 2, '2020-11-25 14:47:23', '2020-11-25 14:47:23', 'Active'),
(235, 246, 'Okosodo Osebhene Magdalene ', NULL, 'Female', NULL, NULL, NULL, NULL, 'No Address', 'okosodomagdalene21@gmail.com', '$2y$10$WyAtPJCtRf5lZx71epIbH.UAykrWYHzIoy.m3o8o1AseWpAiqIO62', '57', 'Full-Time', 1, 1, 1, 1, 1, NULL, NULL, 'Okosodo Osebhene Magdalene ', 'okosodomagdalene21@gmail.com', 'Kolomoni Wallet', '0', '0', '0', NULL, 0, 1, 1, 2, '2020-11-25 14:47:27', '2020-11-25 14:47:27', 'Resigned Effective Immediately for psychological reasons13-Jun-2020; Last Day 10'),
(236, 247, 'Adeleke Adebayo Victor ', NULL, 'Male', NULL, 'Leadway Pensure', '23', 'PEN100416348417', 'No Address', 'adelekeadebayo844@yahoo.com', '$2y$10$ByD6w9vOPhSAOqrRpvj3X.xaa1W1ubsjXt9.ZDL8HWP3WZuj/Og2u', '58', 'Full-Time', 1, 1, 1, 1, 1, NULL, NULL, 'Adeleke Adebayo Victor ', 'adelekeadebayo844@yahoo.com', 'Kolomoni Wallet', '0', '0', '0', NULL, 0, 1, 1, 2, '2020-11-25 14:47:31', '2020-11-25 14:47:31', 'Active'),
(237, 248, 'Ugochukwu Ejiogu', NULL, 'Male', NULL, NULL, NULL, NULL, 'No Address', 'u.ejiogu@creditassistng.com', '$2y$10$mJWNRp4dIlEusEiwkIEiX.zm46djudCnhkLUbimYvopzZH.mjp4lK', '59', 'Full-Time', 1, 1, 1, 1, 1, NULL, NULL, 'Ugochukwu Ejiogu', 'ugobugo2011@gmail.com', 'Kolomoni Wallet', '0', '0', '0', NULL, 0, 1, 1, 2, '2020-11-25 14:47:36', '2020-11-25 14:47:36', 'Active'),
(238, 249, 'Osibeluwo  Emmanuel Bolu', NULL, 'Male', NULL, 'Premium Pensions', '22', 'PEN110008554156', 'No Address', 'e.osibeluwo@creditassistng.com', '$2y$10$RMSSu16nYG7wsA5QC9hXPepK15Ut4mcNyWbADBHwn.9VaE7S6FPEy', '60', 'Full-Time', 1, 1, 1, 1, 1, NULL, NULL, 'Osibeluwo  Emmanuel Bolu', 'emmanuelbolutife11@gmail.com', 'Kolomoni Wallet', '0', '0', '0', NULL, 0, 1, 1, 2, '2020-11-25 14:47:42', '2020-11-25 14:47:42', 'Active'),
(239, 250, 'Njimezi Precious', NULL, 'Female', NULL, 'Leadway Pensure', '23', 'PEN200950419514', 'No Address', 'p.njimezi@creditassistng.com', '$2y$10$XXNouXpCXXDeL.rT3TMBPOQofEUwVlKSbFsM7kvSLKqYAVEdJ/LlW', '61', 'Full-Time', 1, 1, 1, 1, 1, NULL, NULL, 'Njimezi Precious', 'preshycypha55@gmail.com', 'Kolomoni Wallet', '0', '0', '0', NULL, 0, 1, 1, 2, '2020-11-25 14:47:47', '2020-11-25 14:47:47', 'Terminated. Notice given. Last Day September 30 2020'),
(240, 251, 'Morka Ndidi Chukwuka', NULL, 'Male', NULL, 'Stanbic IBTC Pensions', '21', 'PEN110036924895', 'No Address', 'c.morka@creditassistng.com', '$2y$10$V5Cozm7EthOCE49kezrT4.1Gq1YoJETvhZAFgSRsHFJY2T8BoNeNm', '62', 'Full-Time', 1, 1, 1, 1, 1, NULL, NULL, 'Morka Ndidi Chukwuka', 'morkachuks@gmail.com', 'Kolomoni Wallet', '0', '0', '0', NULL, 0, 1, 1, 2, '2020-11-25 14:47:51', '2020-11-25 14:47:51', 'Terminated Immediately. To be paid in Lieu. October 12 2020 (Payment till 26 October 2020)'),
(241, 252, 'Fatunmbi Tolulope Oluwole', NULL, 'Male', NULL, NULL, NULL, NULL, 'No Address', 'tolufatunmbi@gmail.com', '$2y$10$aeVFI7ncOkNg7zXB6E9isuChF5s/U2SvmhBrA8mZXVo/j6IroQsMm', '63', 'Full-Time', 1, 1, 1, 1, 1, NULL, NULL, 'Fatunmbi Tolulope Oluwole', 'tolufatunmbi@gmail.com', 'Kolomoni Wallet', '0', '0', '0', NULL, 0, 1, 1, 2, '2020-11-25 14:47:55', '2020-11-25 14:47:55', 'Active'),
(242, 253, 'Ogunwole Oluwatobi', NULL, 'Male', NULL, NULL, NULL, NULL, 'No Address', 't.ogunwole@creditassistng.com', '$2y$10$3uMKbNdYddcd0nlD/fLwl.hugbd3.NdG6soZ/tSommOGdNKVFt/E.', '64', 'Full-Time', 1, 1, 1, 1, 1, NULL, NULL, 'Ogunwole Oluwatobi', 'oluwatstar21@gmail.com', 'Kolomoni Wallet', '0', '0', '0', NULL, 0, 1, 1, 2, '2020-11-25 14:47:59', '2020-11-25 14:47:59', 'Active'),
(243, 254, 'Olawuyi Ayansola', NULL, 'Male', NULL, NULL, NULL, NULL, 'No Address', 'o.ayansola@creditassistng.com', '$2y$10$W5odqCS03w5iTl.h7dtghesD5KJR0DEBA1APiBqhwkle3bWJ8UVNm', '65', 'Full-Time', 1, 1, 1, 1, 1, NULL, NULL, 'Olawuyi Ayansola', 'zaccheausolawuyi@gmail.com', 'Kolomoni Wallet', '0', '0', '0', NULL, 0, 1, 1, 2, '2020-11-25 14:48:03', '2020-11-25 14:48:03', 'Active'),
(244, 255, 'Olajide Solomon Olashina', NULL, 'Male', NULL, 'Oak Pensions', '34', 'PEN110038793958', 'No Address', 's.olajide@creditassistng.com', '$2y$10$cJtZpI79aDFXz5jC81Mo6.D8xv3y0oI2lbluaqlQTU2aoA8tP77si', '66', 'Full-Time', 1, 1, 1, 1, 1, NULL, NULL, 'Olajide Solomon Olashina', 'solomonolajide4u@gmail.com', 'Kolomoni Wallet', '0', '0', '0', NULL, 0, 1, 1, 2, '2020-11-25 14:48:07', '2020-11-25 14:48:07', 'Active'),
(245, 256, 'Michel Kalavander', NULL, 'Male', NULL, NULL, NULL, NULL, 'No Address', 'm.kalavander@creditassistng.com', '$2y$10$hUOSEq.xzSuLqV11AauPh.uEV8iENLaf3pZemm4y8rhLsNQBkbtUO', '67', 'Full-Time', 1, 1, 1, 1, 1, NULL, NULL, 'Michel Kalavander', 'michelkalavanda@gmail.com', 'GTBank', '0', '0', '0', NULL, 0, 1, 1, 2, '2020-11-25 14:48:12', '2020-11-25 14:48:12', 'Active'),
(246, 257, 'MacDonald Okoh', NULL, 'Male', NULL, NULL, NULL, NULL, 'No Address', 'm.okoh@creditassistng.com', '$2y$10$8I5XXwgnseA4IJu5V7/1TuPPGrQHxDTXcbmZjhY4LGhdAYEomAw7O', '68', 'Full-Time', 1, 1, 1, 1, 1, NULL, NULL, 'MacDonald Okoh', 'donaldmail2000@gmail.com', 'Kolomoni Wallet', '0', '0', '0', NULL, 0, 1, 1, 2, '2020-11-25 14:48:20', '2020-11-25 14:48:20', 'Inactive'),
(247, 258, 'Ilabeshi Gabriel', NULL, 'Male', NULL, 'Stanbic IBTC Pensions', '21', 'PEN100835399719', 'No Address', 'i.gabriel@creditassistng.com', '$2y$10$lLnJo7PxCT.Y7lpcuM6ft.cjjE/1CkPMwQ./Ta19PgI9CqXDs4j3S', '69', 'Full-Time', 1, 1, 1, 1, 1, NULL, NULL, 'Ilabeshi Gabriel', 'ilabeshigabriel@gmail.com', 'Kolomoni Wallet', '0', '0', '0', NULL, 0, 1, 1, 2, '2020-11-25 14:48:25', '2020-11-25 14:48:25', 'Active'),
(248, 259, 'Eko Ibukun', '2020-12-02', 'Female', '111', 'ss', 'ss', 'ss', 'No Addresshh', 'i.eko@creditassistng.com', '$2y$10$IhFiD9jOx2erZrfRMHgBVOlNnOUEZMq7OlSb9He9vEhWLnmW1Zm0q', '70', 'Contract', 1, 1, 1, 1, 1, '2020-12-02', NULL, 'Eko Ibukun', 'ekoibukunjovita@gmail.com', 'Kolomoni Wallet', '0', '0', '0', NULL, 0, 1, 1, 2, '2020-11-25 14:48:30', '2020-12-02 09:48:09', 'Active'),
(249, 260, 'Ejike Oluwadamilola Ayomide', NULL, 'Female', NULL, 'Premium Pensions', '22', 'PEN210018963338', 'No Address', 'o.ejike@capitalsage.ng', '$2y$10$924CAmFqDBEam6fuaixnROX5Lzx4LA9Wb3msid.EwrUCbX5aT44jK', '71', 'Full-Time', 1, 1, 1, 1, 1, NULL, NULL, 'Ejike Oluwadamilola Ayomide', 'ejikeoluwadamilola@gmail.com', 'Kolomoni Wallet', '0', '0', '0', NULL, 0, 1, 1, 2, '2020-11-25 14:48:34', '2020-11-25 14:48:34', 'Active'),
(250, 261, 'Arowolo Olaide Hope', NULL, 'Male ', NULL, 'Radix Pensions', '46', 'PEN110011241447', 'No Address', 'hopearowolo@gmail.com', '$2y$10$tvf8defZn.H/C3Ql.rmAFOzAW/uWFcxOIOuuLo3I6p6VlyDIiNjXK', '72', 'Full-Time', 1, 1, 1, 1, 1, NULL, NULL, 'Arowolo Olaide Hope', 'hopearowolo@gmail.com', 'Kolomoni Wallet', '0', '0', '0', NULL, 0, 1, 1, 2, '2020-11-25 14:48:39', '2020-11-25 14:48:39', 'Active'),
(251, 262, 'Yewande Fatimah Mohammed', NULL, 'Female', NULL, NULL, NULL, NULL, 'No Address', 'yewandemohammed31@gmail.com', '$2y$10$mMaJwJg3vA7SB3odK9kw7.Etit0nNQbWhhEf8cRLKs4Sx8Uv9oRSy', '73', 'Full-Time', 1, 1, 1, 1, 1, NULL, NULL, 'Yewande Fatimah Mohammed', 'yewandemohammed31@gmail.com', 'Kolomoni Wallet', '0', '0', '0', NULL, 0, 1, 1, 2, '2020-11-25 14:48:46', '2020-11-25 14:48:46', 'Active'),
(252, 263, 'Gbadamosi Idris Isaac', NULL, 'Male', NULL, 'Premium Pensions', '22', 'PEN110020231725', 'No Address', 'i.gbadamosi@capitalsage.ng', '$2y$10$GdVQNGye3EOT3cpj8PxCTeM36YwtGw5WXfaGifGFfm.Cnk1eKOP.u', '74', 'Full-Time', 1, 1, 1, 1, 1, NULL, NULL, 'Gbadamosi Idris Isaac', 'isaacidris2005@gmail.com', 'Kolomoni Wallet', '0', '0', '0', NULL, 0, 1, 1, 2, '2020-11-25 14:48:51', '2020-11-25 14:48:51', 'Resigned. Last Day October 31 2020'),
(253, 264, 'Ajayi Temitope Adewale', NULL, 'Male', NULL, NULL, NULL, NULL, 'No Address', 'youngwayne198@yahoo.com', '$2y$10$2lvoVnimc.iU.hHLAfgu3.6/63Dh1RWXeZtlc3XkmuWAa0a388k4a', '75', 'Full-Time', 1, 1, 1, 1, 1, NULL, NULL, 'Ajayi Temitope Adewale', 'youngwayne198@yahoo.com', 'Kolomoni Wallet', '0', '0', '0', NULL, 0, 1, 1, 2, '2020-11-25 14:49:01', '2020-11-25 14:49:01', 'Active'),
(254, 265, 'Adegbola Elizabeth Kehinde', NULL, 'Female', NULL, 'Stanbic IBTC Pensions', '21', 'PEN210044536066', 'No Address', 'adegbolakehinde0@gmail.com', '$2y$10$oPW4q5Yz1ReHmHuwCG1u1uOFcoTc05HxeQieyrzrCZGUN5aRZlDTa', '76', 'Full-Time', 1, 1, 1, 1, 1, NULL, NULL, 'Adegbola Elizabeth Kehinde', 'adegbolakehinde0@gmail.com', 'Kolomoni Wallet', '0', '0', '0', NULL, 0, 1, 1, 2, '2020-11-25 14:49:06', '2020-11-25 14:49:06', 'Active'),
(255, 266, 'Oyedeji Akeem Olakayode', NULL, 'Male', NULL, 'AIICO', '33', 'PEN100928446218', 'No Address', 'hakygold931@gmail.com', '$2y$10$bjMYvgz8JTAagBpFw7YvJuZHM1Ql4OL0Ne/cQTmxo5c/U/CqLjNNu', '77', 'Full-Time', 1, 1, 1, 1, 1, NULL, NULL, 'Oyedeji Akeem Olakayode', 'hakygold931@gmail.com', 'Kolomoni Wallet', '0', '0', '0', NULL, 0, 1, 1, 2, '2020-11-25 14:49:11', '2020-11-25 14:49:11', 'Active'),
(256, 267, 'Akande Adeyinka Augustine', NULL, 'Male', NULL, NULL, NULL, NULL, 'No Address', 'a.akande@capitalsage.ng', '$2y$10$avMbFa8qgGRNPWI845NrpOAuwSKwf58ArZUivLdJzvVVeNs1m86MK', '78', 'Full-Time', 1, 1, 1, 1, 1, NULL, NULL, 'Akande Adeyinka Augustine', 'adeyinkaakande24@gmail.com', 'Kolomoni Wallet', '0', '0', '0', NULL, 0, 1, 1, 2, '2020-11-25 14:49:20', '2020-11-25 14:49:20', 'Active'),
(257, 268, 'Oluwa Omonigho Effort', NULL, 'Male', NULL, NULL, NULL, NULL, 'No Address', 'echoeffort42005@yahoo.com', '$2y$10$T4pc1zDb6j7JweoExcLC7em7Qs22Wnnyt8gZhj/x4EpaLjUrtcsrq', '79', 'Full-Time', 1, 1, 1, 1, 1, NULL, NULL, 'Oluwa Omonigho Effort', 'echoeffort42005@yahoo.com', 'Kolomoni Wallet', '0', '0', '0', NULL, 0, 1, 1, 2, '2020-11-25 14:49:24', '2020-11-25 14:49:24', 'Active'),
(258, 269, 'Olaore Oladele Saheed', NULL, 'Male', NULL, NULL, NULL, NULL, 'No Address', 'olaoreoladele45@gmail.com', '$2y$10$P80JiKNMV7FFUqC6.Ym2KOOaoRnQZ8/eFtxCdZxBLaMkVSZMzl9/.', '80', 'Full-Time', 1, 1, 1, 1, 1, NULL, NULL, 'Olaore Oladele Saheed', 'olaoreoladele45@gmail.com', 'Kolomoni Wallet', '0', '0', '0', NULL, 0, 1, 1, 2, '2020-11-25 14:49:30', '2020-11-25 14:49:30', 'Active'),
(259, 270, 'GeorgeEkerette Paul', NULL, 'Male', NULL, NULL, NULL, NULL, 'No Address', 'rettegeorge@yahoo.com. ', '$2y$10$5ydvCdkk/g2oaSpXJYfvR.njB5k/vSOSvwfxjBpGCEtjlDdAqOe/6', '81', 'Full-Time', 1, 1, 1, 1, 1, NULL, NULL, 'GeorgeEkerette Paul', 'rettegeorge@yahoo.com. ', 'Kolomoni Wallet', '0', '0', '0', NULL, 0, 1, 1, 2, '2020-11-25 14:49:34', '2020-11-25 14:49:34', 'Active'),
(260, 271, 'Shokunbi Afeez Gbolahan', NULL, 'Male', NULL, 'Leadway Pensure', '23', 'PEN110016410511', 'No Address', 'shokunbiafeez1@gmail.com', '$2y$10$B3jlNIrMCVvXRqcc7a/31O8eRoKWF9Hy/qIQG0uReZz2ddqRxKL/u', '82', 'Full-Time', 1, 1, 1, 1, 1, NULL, NULL, 'Shokunbi Afeez Gbolahan', 'shokunbiafeez1@gmail.com', 'Kolomoni Wallet', '0', '0', '0', NULL, 0, 1, 1, 2, '2020-11-25 14:49:41', '2020-11-25 14:49:41', 'Active'),
(261, 272, 'Azoronyeahu Uchenna Gentle', NULL, 'Male', NULL, 'Premium Pensions', '22', 'PEN110022165523', 'No Address', 'brainking4life@yahoo.com', '$2y$10$NXUAt635V7bEfMFTAiuVKe9dKhotsaFQeyQ5r0OvjzT2v3gc9vvO2', '83', 'Full-Time', 1, 1, 1, 1, 1, NULL, NULL, 'Azoronyeahu Uchenna Gentle', 'brainking4life@yahoo.com', 'Kolomoni Wallet', '0', '0', '0', NULL, 0, 1, 1, 2, '2020-11-25 14:49:46', '2020-11-25 14:49:46', 'Active'),
(262, 273, 'Isola Inioluwa', NULL, 'Male', NULL, 'Oak Pensions', '34', 'PEN110045008172', 'No Address', 'i.isola@capitalsage.ng', '$2y$10$xK/smuy1bhoRzaTBY2HPiOboUsamOPD9SHMDSO4ezUVjNpW6jTWcK', '84', 'Full-Time', 1, 1, 1, 1, 1, NULL, NULL, 'Isola Inioluwa', 'isolainioluwa@gmail.com', 'Kolomoni Wallet', '0', '0', '0', NULL, 0, 1, 1, 2, '2020-11-25 14:49:54', '2020-11-25 14:49:54', 'Active'),
(263, 274, 'Adegbite Olaronke', NULL, 'Female', NULL, NULL, NULL, NULL, 'No Address', 'olaronkeolaniyi@gmail.com', '$2y$10$ip7VDYSD7/VY9SSwCkVN5uYWvo16/PmNTm.hmFofA1ONhvt6yPt8u', '85', 'Full-Time', 1, 1, 1, 1, 1, NULL, NULL, 'Adegbite Olaronke', 'olaronkeolaniyi@gmail.com', 'Kolomoni Wallet', '0', '0', '0', NULL, 0, 1, 1, 2, '2020-11-25 14:49:59', '2020-11-25 14:49:59', 'Inactive'),
(264, 275, 'Dele Ahavi', NULL, 'Male', NULL, NULL, NULL, NULL, 'No Address', 'vogueprintz@gmail.com', '$2y$10$rrwr3iK9EyDkwm331c1Hvea3bYsvUgMTE0dvFe0xmR89CdAaB661S', '86', 'Part-Time', 1, 1, 1, 1, 1, NULL, NULL, 'Dele Ahavi', 'vogueprintz@gmail.com', 'Kolomoni Wallet', '0', '0', '0', NULL, 0, 1, 1, 2, '2020-11-25 14:50:04', '2020-11-25 14:50:04', NULL),
(265, 276, 'Dunsin Ogunsunmi', NULL, 'Female', NULL, NULL, NULL, NULL, 'No Address', 'dammie4u_31@yahoo.com ', '$2y$10$LRQkWz8vrvkUGmnBNyiYi.LVgouuYq4FGA2Wek8bxJfYw2tRXbvnW', '87', 'Part-Time', 1, 1, 1, 1, 1, NULL, NULL, 'Dunsin Ogunsunmi', 'dammie4u_31@yahoo.com ', 'Kolomoni Wallet', '0', '0', '0', NULL, 0, 1, 1, 2, '2020-11-25 14:50:09', '2020-11-25 14:50:09', NULL),
(266, 277, 'Daramola Ajibola', NULL, 'Male', NULL, NULL, NULL, NULL, 'No Address', 'daramolajibola@yahoo.com', '$2y$10$FRao6qQA1FCYry9qT8Tu9uzM3q/ryfYLQ60pBbw/txrS9tTZ0creC', '88', 'Part-Time', 1, 1, 1, 1, 1, NULL, NULL, 'Daramola Ajibola', 'daramolajibola@yahoo.com', 'Kolomoni Wallet', '0', '0', '0', NULL, 0, 1, 1, 2, '2020-11-25 14:50:13', '2020-11-25 14:50:13', 'Stopped at beginning of September'),
(267, 278, 'Ibrahim Taofeek', NULL, 'Male', NULL, NULL, NULL, NULL, 'No Address', 'taofeekadeola@gmail.com', '$2y$10$0YDVBpneQQWylP4BCmux4.LVprlMtVF2MNASNZb2s9wpbO6lK/N0u', '89', 'Part-Time', 1, 1, 1, 1, 1, NULL, NULL, 'Ibrahim Taofeek', 'taofeekadeola@gmail.com', 'Kolomoni Wallet', '0', '0', '0', NULL, 0, 1, 1, 2, '2020-11-25 14:50:17', '2020-11-25 14:50:17', 'Stopped at beginning of September'),
(268, 279, 'Oshindele Tobiloba', NULL, 'Male', NULL, NULL, NULL, NULL, 'No Address', 'oshideleoluwatobiloba@gmail.com', '$2y$10$DLaPe8SxAG/WIit9beDwxe4IEiPhJwWbIwKUpyef7GEEygsHo/YzC', '90', 'Part-Time', 1, 1, 1, 1, 1, NULL, NULL, 'Oshindele Tobiloba', 'oshideleoluwatobiloba@gmail.com', 'Kolomoni Wallet', '0', '0', '0', NULL, 0, 1, 1, 2, '2020-11-25 14:50:23', '2020-11-25 14:50:23', 'Stopped at beginning of September'),
(269, 280, 'Salako Teslim Akolade ', NULL, 'Male', NULL, NULL, NULL, NULL, 'No Address', 'tescointsite@gmail.com', '$2y$10$k9c1VQZaKcO0/tseSqyH/OM3RZYB8SNMRXNCsEdSnt587TtoC5R3G', '91', 'Part-Time', 1, 1, 1, 1, 1, NULL, NULL, 'Salako Teslim Akolade ', 'tescointsite@gmail.com', 'Kolomoni Wallet', '0', '0', '0', NULL, 0, 1, 1, 2, '2020-11-25 14:50:27', '2020-11-25 14:50:27', NULL),
(270, 281, 'Paul Adams', '2020-12-08', 'Male', '09035875967', '', '', '', 'No Address', 'adamsohiani@gmail.com', '$2y$10$IhFiD9jOx2erZrfRMHgBVOlNnOUEZMq7OlSb9He9vEhWLnmW1Zm0q', '92', 'Contract', 1, 1, 1, 1, 1, '2020-12-08', NULL, 'Paul Adams', 'adamsohiani@gmail.com', 'Kolomoni Wallet', '0', '0', '0', 1, 10000, 1, 1, 2, '2020-11-25 14:50:31', '2020-12-18 14:08:01', ''),
(271, 282, 'Cleantos', NULL, 'Male', NULL, NULL, NULL, NULL, 'No Address', 'cleanto@mail.com', '$2y$10$dphMS7feTiQjVFBaNcVkoOjX2dEtqA51jgkswuy/mSr4QndME9yCK', '93', 'Outsourcing Firm', 1, 1, 1, 1, 1, NULL, NULL, 'Cleantos', NULL, NULL, '0', '0', '0', NULL, 0, 1, 1, 2, '2020-11-25 14:50:38', '2020-11-25 14:50:38', NULL),
(272, 283, 'CleanScrub', NULL, 'Male', NULL, NULL, NULL, NULL, 'No Address', 'cleanscrub@mail.com', '$2y$10$mAQCZa5IVKYbsclBpRS7WOgHhr0JSt4h.hMCTIav8fBdHCgKsXPxi', '94', 'Outsourcing Firm', 1, 1, 1, 1, 1, NULL, NULL, 'CleanScrub', NULL, NULL, '0', '0', '0', NULL, 0, 1, 1, 2, '2020-11-25 14:50:44', '2020-11-25 14:50:44', NULL),
(273, 284, 'LightHill Security', NULL, 'Male', NULL, NULL, NULL, NULL, 'No Address', 'light@mail.com', '$2y$10$ABII7uY/bDrVn9m5wgdC3uNJhvVaGm9JX93vngsK2sInTco97qnr2', '95', 'Outsourcing Firm', 1, 1, 1, 1, 1, NULL, NULL, 'LightHill Security', NULL, NULL, '0', '0', '0', NULL, 0, 1, 1, 2, '2020-11-25 14:50:49', '2020-11-25 14:50:49', NULL);

-- --------------------------------------------------------

--
-- Table structure for table `employee_documents`
--

CREATE TABLE `employee_documents` (
  `id` bigint UNSIGNED NOT NULL,
  `employee_id` int NOT NULL,
  `document_id` int NOT NULL,
  `document_value` varchar(255) COLLATE utf8mb4_unicode_ci NOT NULL,
  `created_by` int NOT NULL,
  `created_at` timestamp NULL DEFAULT NULL,
  `updated_at` timestamp NULL DEFAULT NULL
) ENGINE=InnoDB DEFAULT CHARSET=utf8mb4 COLLATE=utf8mb4_unicode_ci;

--
-- Dumping data for table `employee_documents`
--

INSERT INTO `employee_documents` (`id`, `employee_id`, `document_id`, `document_value`, `created_by`, `created_at`, `updated_at`) VALUES
(1, 70, 1, 'nze6_1606902488.jpg', 0, '2020-12-02 09:48:08', '2020-12-02 09:48:08'),
(2, 70, 2, 'bg-4_1606902488.jpg', 0, '2020-12-02 09:48:08', '2020-12-02 09:48:08'),
(3, 92, 2, '2vM7bLTo_400x400_1607390784.jpg', 0, '2020-12-08 01:23:01', '2020-12-08 01:26:24'),
(4, 92, 1, 'nze5_1607390725.jpg', 0, '2020-12-08 01:25:25', '2020-12-08 01:25:25');

-- --------------------------------------------------------

--
-- Table structure for table `events`
--

CREATE TABLE `events` (
  `id` bigint UNSIGNED NOT NULL,
  `branch_id` int NOT NULL,
  `department_id` longtext COLLATE utf8mb4_unicode_ci NOT NULL,
  `employee_id` longtext COLLATE utf8mb4_unicode_ci NOT NULL,
  `title` varchar(255) COLLATE utf8mb4_unicode_ci NOT NULL,
  `start_date` date NOT NULL,
  `end_date` date NOT NULL,
  `color` varchar(255) COLLATE utf8mb4_unicode_ci NOT NULL,
  `description` text COLLATE utf8mb4_unicode_ci,
  `created_by` int NOT NULL,
  `created_at` timestamp NULL DEFAULT NULL,
  `updated_at` timestamp NULL DEFAULT NULL
) ENGINE=InnoDB DEFAULT CHARSET=utf8mb4 COLLATE=utf8mb4_unicode_ci;

--
-- Dumping data for table `events`
--

INSERT INTO `events` (`id`, `branch_id`, `department_id`, `employee_id`, `title`, `start_date`, `end_date`, `color`, `description`, `created_by`, `created_at`, `updated_at`) VALUES
(1, 0, '[\"1\"]', '[\"0\"]', 'Invoice', '2020-12-08', '2020-12-09', '#fc544b', 'mmmmmmmmmmm', 2, '2020-12-07 23:58:36', '2020-12-07 23:58:36');

-- --------------------------------------------------------

--
-- Table structure for table `event_employees`
--

CREATE TABLE `event_employees` (
  `id` bigint UNSIGNED NOT NULL,
  `event_id` int NOT NULL,
  `employee_id` int NOT NULL,
  `created_by` int NOT NULL,
  `created_at` timestamp NULL DEFAULT NULL,
  `updated_at` timestamp NULL DEFAULT NULL
) ENGINE=InnoDB DEFAULT CHARSET=utf8mb4 COLLATE=utf8mb4_unicode_ci;

--
-- Dumping data for table `event_employees`
--

INSERT INTO `event_employees` (`id`, `event_id`, `employee_id`, `created_by`, `created_at`, `updated_at`) VALUES
(1, 1, 248, 2, '2020-12-07 23:58:36', '2020-12-07 23:58:36');

-- --------------------------------------------------------

--
-- Table structure for table `expenses`
--

CREATE TABLE `expenses` (
  `id` bigint UNSIGNED NOT NULL,
  `account_id` int NOT NULL,
  `amount` int NOT NULL,
  `date` date NOT NULL,
  `expense_category_id` int NOT NULL,
  `payee_id` int NOT NULL,
  `payment_type_id` int NOT NULL,
  `referal_id` varchar(255) COLLATE utf8mb4_unicode_ci DEFAULT NULL,
  `employee_id` int NOT NULL DEFAULT '0',
  `status` int NOT NULL DEFAULT '0',
  `file` text CHARACTER SET utf8mb4 COLLATE utf8mb4_unicode_ci,
  `description` text COLLATE utf8mb4_unicode_ci,
  `created_by` int NOT NULL,
  `created_at` timestamp NULL DEFAULT NULL,
  `updated_at` timestamp NULL DEFAULT NULL
) ENGINE=InnoDB DEFAULT CHARSET=utf8mb4 COLLATE=utf8mb4_unicode_ci;

-- --------------------------------------------------------

--
-- Table structure for table `expense_types`
--

CREATE TABLE `expense_types` (
  `id` bigint UNSIGNED NOT NULL,
  `name` varchar(255) COLLATE utf8mb4_unicode_ci NOT NULL,
  `created_by` int NOT NULL,
  `created_at` timestamp NULL DEFAULT NULL,
  `updated_at` timestamp NULL DEFAULT NULL
) ENGINE=InnoDB DEFAULT CHARSET=utf8mb4 COLLATE=utf8mb4_unicode_ci;

--
-- Dumping data for table `expense_types`
--

INSERT INTO `expense_types` (`id`, `name`, `created_by`, `created_at`, `updated_at`) VALUES
(1, 'expense 1', 2, '2020-12-17 12:40:23', '2020-12-17 12:40:23');

-- --------------------------------------------------------

--
-- Table structure for table `failed_jobs`
--

CREATE TABLE `failed_jobs` (
  `id` bigint UNSIGNED NOT NULL,
  `connection` text COLLATE utf8mb4_unicode_ci NOT NULL,
  `queue` text COLLATE utf8mb4_unicode_ci NOT NULL,
  `payload` longtext COLLATE utf8mb4_unicode_ci NOT NULL,
  `exception` longtext COLLATE utf8mb4_unicode_ci NOT NULL,
  `failed_at` timestamp NOT NULL DEFAULT CURRENT_TIMESTAMP
) ENGINE=InnoDB DEFAULT CHARSET=utf8mb4 COLLATE=utf8mb4_unicode_ci;

-- --------------------------------------------------------

--
-- Table structure for table `genrate_payslip_options`
--

CREATE TABLE `genrate_payslip_options` (
  `id` bigint UNSIGNED NOT NULL,
  `created_at` timestamp NULL DEFAULT NULL,
  `updated_at` timestamp NULL DEFAULT NULL
) ENGINE=InnoDB DEFAULT CHARSET=utf8mb4 COLLATE=utf8mb4_unicode_ci;

-- --------------------------------------------------------

--
-- Table structure for table `goal_trackings`
--

CREATE TABLE `goal_trackings` (
  `id` bigint UNSIGNED NOT NULL,
  `branch` int NOT NULL,
  `goal_type` int NOT NULL,
  `start_date` date NOT NULL,
  `end_date` date NOT NULL,
  `subject` varchar(255) COLLATE utf8mb4_unicode_ci DEFAULT NULL,
  `target_achievement` varchar(255) COLLATE utf8mb4_unicode_ci DEFAULT NULL,
  `description` text COLLATE utf8mb4_unicode_ci,
  `status` int NOT NULL DEFAULT '0',
  `progress` int NOT NULL DEFAULT '0',
  `created_by` int NOT NULL DEFAULT '0',
  `created_at` timestamp NULL DEFAULT NULL,
  `updated_at` timestamp NULL DEFAULT NULL
) ENGINE=InnoDB DEFAULT CHARSET=utf8mb4 COLLATE=utf8mb4_unicode_ci;

-- --------------------------------------------------------

--
-- Table structure for table `goal_types`
--

CREATE TABLE `goal_types` (
  `id` bigint UNSIGNED NOT NULL,
  `name` varchar(255) COLLATE utf8mb4_unicode_ci NOT NULL,
  `created_by` int NOT NULL DEFAULT '0',
  `created_at` timestamp NULL DEFAULT NULL,
  `updated_at` timestamp NULL DEFAULT NULL
) ENGINE=InnoDB DEFAULT CHARSET=utf8mb4 COLLATE=utf8mb4_unicode_ci;

-- --------------------------------------------------------

--
-- Table structure for table `heads`
--

CREATE TABLE `heads` (
  `id` bigint UNSIGNED NOT NULL,
  `name` varchar(255) COLLATE utf8mb4_unicode_ci NOT NULL,
  `created_by` int NOT NULL,
  `created_at` timestamp NULL DEFAULT NULL,
  `updated_at` timestamp NULL DEFAULT NULL
) ENGINE=InnoDB DEFAULT CHARSET=utf8mb4 COLLATE=utf8mb4_unicode_ci;

--
-- Dumping data for table `heads`
--

INSERT INTO `heads` (`id`, `name`, `created_by`, `created_at`, `updated_at`) VALUES
(1, 'Ojo David', 2, '2020-11-25 04:53:03', '2020-11-25 04:53:03');

-- --------------------------------------------------------

--
-- Table structure for table `income_types`
--

CREATE TABLE `income_types` (
  `id` bigint UNSIGNED NOT NULL,
  `name` varchar(255) COLLATE utf8mb4_unicode_ci NOT NULL,
  `created_by` int NOT NULL,
  `created_at` timestamp NULL DEFAULT NULL,
  `updated_at` timestamp NULL DEFAULT NULL
) ENGINE=InnoDB DEFAULT CHARSET=utf8mb4 COLLATE=utf8mb4_unicode_ci;

-- --------------------------------------------------------

--
-- Table structure for table `indicators`
--

CREATE TABLE `indicators` (
  `id` bigint UNSIGNED NOT NULL,
  `branch` int NOT NULL DEFAULT '0',
  `department` int NOT NULL DEFAULT '0',
  `designation` int NOT NULL DEFAULT '0',
  `customer_experience` int NOT NULL DEFAULT '0',
  `marketing` int NOT NULL DEFAULT '0',
  `administration` int NOT NULL DEFAULT '0',
  `professionalism` int NOT NULL DEFAULT '0',
  `integrity` int NOT NULL DEFAULT '0',
  `attendance` int NOT NULL DEFAULT '0',
  `created_user` int NOT NULL DEFAULT '0',
  `created_by` int NOT NULL DEFAULT '0',
  `created_at` timestamp NULL DEFAULT NULL,
  `updated_at` timestamp NULL DEFAULT NULL
) ENGINE=InnoDB DEFAULT CHARSET=utf8mb4 COLLATE=utf8mb4_unicode_ci;

-- --------------------------------------------------------

--
-- Table structure for table `leaves`
--

CREATE TABLE `leaves` (
  `id` bigint UNSIGNED NOT NULL,
  `employee_id` int NOT NULL,
  `leave_type_id` int NOT NULL,
  `applied_on` date NOT NULL,
  `start_date` date NOT NULL,
  `end_date` date NOT NULL,
  `total_leave_days` varchar(255) COLLATE utf8mb4_unicode_ci NOT NULL,
  `leave_reason` varchar(255) COLLATE utf8mb4_unicode_ci NOT NULL,
  `document` text COLLATE utf8mb4_unicode_ci NOT NULL,
  `super_id` int NOT NULL,
  `remark` varchar(255) COLLATE utf8mb4_unicode_ci DEFAULT NULL,
  `status` varchar(255) COLLATE utf8mb4_unicode_ci NOT NULL,
  `created_by` int NOT NULL,
  `created_at` timestamp NULL DEFAULT NULL,
  `updated_at` timestamp NULL DEFAULT NULL
) ENGINE=InnoDB DEFAULT CHARSET=utf8mb4 COLLATE=utf8mb4_unicode_ci;

--
-- Dumping data for table `leaves`
--

INSERT INTO `leaves` (`id`, `employee_id`, `leave_type_id`, `applied_on`, `start_date`, `end_date`, `total_leave_days`, `leave_reason`, `document`, `super_id`, `remark`, `status`, `created_by`, `created_at`, `updated_at`) VALUES
(4, 270, 2, '2020-12-09', '2020-12-09', '2020-12-10', '1', 'xh', 'uploads/leave/documents/NbwZ0hAe7a8L0dXO9OzlnhNdyR36l4oiCOaGIxs8.jpeg', 248, 'dcjjd', 'Approve', 2, '2020-12-09 09:48:01', '2020-12-09 09:48:46');

-- --------------------------------------------------------

--
-- Table structure for table `leave_types`
--

CREATE TABLE `leave_types` (
  `id` bigint UNSIGNED NOT NULL,
  `title` varchar(255) COLLATE utf8mb4_unicode_ci NOT NULL,
  `days` int NOT NULL,
  `created_by` int NOT NULL,
  `created_at` timestamp NULL DEFAULT NULL,
  `updated_at` timestamp NULL DEFAULT NULL
) ENGINE=InnoDB DEFAULT CHARSET=utf8mb4 COLLATE=utf8mb4_unicode_ci;

--
-- Dumping data for table `leave_types`
--

INSERT INTO `leave_types` (`id`, `title`, `days`, `created_by`, `created_at`, `updated_at`) VALUES
(1, 'Leave 1', 1, 2, '2020-12-07 13:22:59', '2020-12-07 13:22:59'),
(2, 'Leave 2', 4, 2, '2020-12-07 13:23:22', '2020-12-07 13:23:22');

-- --------------------------------------------------------

--
-- Table structure for table `loans`
--

CREATE TABLE `loans` (
  `id` bigint UNSIGNED NOT NULL,
  `employee_id` int NOT NULL,
  `loan_option` int NOT NULL,
  `title` varchar(255) COLLATE utf8mb4_unicode_ci NOT NULL,
  `amount` int NOT NULL,
  `start_date` date NOT NULL,
  `end_date` date NOT NULL,
  `reason` varchar(255) COLLATE utf8mb4_unicode_ci NOT NULL,
  `created_by` int NOT NULL,
  `created_at` timestamp NULL DEFAULT NULL,
  `updated_at` timestamp NULL DEFAULT NULL
) ENGINE=InnoDB DEFAULT CHARSET=utf8mb4 COLLATE=utf8mb4_unicode_ci;

-- --------------------------------------------------------

--
-- Table structure for table `loan_options`
--

CREATE TABLE `loan_options` (
  `id` bigint UNSIGNED NOT NULL,
  `name` varchar(255) COLLATE utf8mb4_unicode_ci NOT NULL,
  `created_by` int NOT NULL,
  `created_at` timestamp NULL DEFAULT NULL,
  `updated_at` timestamp NULL DEFAULT NULL
) ENGINE=InnoDB DEFAULT CHARSET=utf8mb4 COLLATE=utf8mb4_unicode_ci;

--
-- Dumping data for table `loan_options`
--

INSERT INTO `loan_options` (`id`, `name`, `created_by`, `created_at`, `updated_at`) VALUES
(1, 'Loan 1', 2, '2020-12-07 13:22:30', '2020-12-07 13:22:30'),
(2, 'Loan 2', 2, '2020-12-07 13:22:36', '2020-12-07 13:22:36');

-- --------------------------------------------------------

--
-- Table structure for table `meetings`
--

CREATE TABLE `meetings` (
  `id` bigint UNSIGNED NOT NULL,
  `branch_id` int NOT NULL,
  `department_id` longtext COLLATE utf8mb4_unicode_ci NOT NULL,
  `employee_id` longtext COLLATE utf8mb4_unicode_ci NOT NULL,
  `title` varchar(255) COLLATE utf8mb4_unicode_ci NOT NULL,
  `date` date NOT NULL,
  `time` time NOT NULL,
  `note` text COLLATE utf8mb4_unicode_ci,
  `created_by` int NOT NULL,
  `created_at` timestamp NULL DEFAULT NULL,
  `updated_at` timestamp NULL DEFAULT NULL
) ENGINE=InnoDB DEFAULT CHARSET=utf8mb4 COLLATE=utf8mb4_unicode_ci;

-- --------------------------------------------------------

--
-- Table structure for table `meeting_employees`
--

CREATE TABLE `meeting_employees` (
  `id` bigint UNSIGNED NOT NULL,
  `meeting_id` int NOT NULL,
  `employee_id` int NOT NULL,
  `created_by` int NOT NULL,
  `created_at` timestamp NULL DEFAULT NULL,
  `updated_at` timestamp NULL DEFAULT NULL
) ENGINE=InnoDB DEFAULT CHARSET=utf8mb4 COLLATE=utf8mb4_unicode_ci;

-- --------------------------------------------------------

--
-- Table structure for table `messages`
--

CREATE TABLE `messages` (
  `id` bigint UNSIGNED NOT NULL,
  `from` bigint NOT NULL,
  `to` bigint NOT NULL,
  `message` text COLLATE utf8mb4_unicode_ci NOT NULL,
  `is_read` tinyint NOT NULL,
  `created_at` timestamp NULL DEFAULT NULL,
  `updated_at` timestamp NULL DEFAULT NULL
) ENGINE=InnoDB DEFAULT CHARSET=utf8mb4 COLLATE=utf8mb4_unicode_ci;

--
-- Dumping data for table `messages`
--

INSERT INTO `messages` (`id`, `from`, `to`, `message`, `is_read`, `created_at`, `updated_at`) VALUES
(1, 281, 259, 'hello', 0, '2020-12-07 22:56:31', '2020-12-07 22:56:31'),
(2, 281, 2, 'Hello', 1, '2020-12-07 22:56:39', '2020-12-07 23:06:46'),
(3, 2, 281, 'yo', 1, '2020-12-07 23:05:49', '2020-12-07 23:07:09');

-- --------------------------------------------------------

--
-- Table structure for table `migrations`
--

CREATE TABLE `migrations` (
  `id` int UNSIGNED NOT NULL,
  `migration` varchar(255) COLLATE utf8mb4_unicode_ci NOT NULL,
  `batch` int NOT NULL
) ENGINE=InnoDB DEFAULT CHARSET=utf8mb4 COLLATE=utf8mb4_unicode_ci;

--
-- Dumping data for table `migrations`
--

INSERT INTO `migrations` (`id`, `migration`, `batch`) VALUES
(1, '2014_10_12_000000_create_users_table', 1),
(2, '2014_10_12_100000_create_password_resets_table', 1),
(3, '2019_08_19_000000_create_failed_jobs_table', 1),
(4, '2019_09_28_102009_create_settings_table', 1),
(5, '2019_12_26_101754_create_departments_table', 1),
(6, '2019_12_26_101814_create_designations_table', 1),
(7, '2019_12_26_105721_create_documents_table', 1),
(8, '2019_12_27_083751_create_branches_table', 1),
(9, '2019_12_27_090831_create_employees_table', 1),
(10, '2019_12_27_112922_create_employee_documents_table', 1),
(11, '2019_12_28_050508_create_awards_table', 1),
(12, '2019_12_28_050919_create_award_types_table', 1),
(13, '2019_12_31_060916_create_termination_types_table', 1),
(14, '2019_12_31_062259_create_terminations_table', 1),
(15, '2019_12_31_070521_create_resignations_table', 1),
(16, '2019_12_31_072252_create_travels_table', 1),
(17, '2019_12_31_090637_create_promotions_table', 1),
(18, '2019_12_31_092838_create_transfers_table', 1),
(19, '2019_12_31_100319_create_warnings_table', 1),
(20, '2019_12_31_103019_create_complaints_table', 1),
(21, '2020_01_02_090837_create_payslip_types_table', 1),
(22, '2020_01_02_093331_create_allowance_options_table', 1),
(23, '2020_01_02_102558_create_loan_options_table', 1),
(24, '2020_01_02_103822_create_deduction_options_table', 1),
(25, '2020_01_02_110828_create_genrate_payslip_options_table', 1),
(26, '2020_01_02_111807_create_set_salaries_table', 1),
(27, '2020_01_03_084302_create_allowances_table', 1),
(28, '2020_01_03_101735_create_commissions_table', 1),
(29, '2020_01_03_105019_create_loans_table', 1),
(30, '2020_01_03_105046_create_saturation_deductions_table', 1),
(31, '2020_01_03_105100_create_other_payments_table', 1),
(32, '2020_01_03_105111_create_overtimes_table', 1),
(33, '2020_01_04_072527_create_pay_slips_table', 1),
(34, '2020_01_06_045425_create_account_lists_table', 1),
(35, '2020_01_06_062213_create_payees_table', 1),
(36, '2020_01_06_070037_create_payers_table', 1),
(37, '2020_01_06_072939_create_income_types_table', 1),
(38, '2020_01_06_073055_create_expense_types_table', 1),
(39, '2020_01_06_085218_create_deposits_table', 1),
(40, '2020_01_06_090709_create_payment_types_table', 1),
(41, '2020_01_06_121442_create_expenses_table', 1),
(42, '2020_01_06_124036_create_transfer_balances_table', 1),
(43, '2020_01_13_084720_create_events_table', 1),
(44, '2020_01_16_041720_create_announcements_table', 1),
(45, '2020_01_16_090747_create_leave_types_table', 1),
(46, '2020_01_16_093256_create_leaves_table', 1),
(47, '2020_01_16_110357_create_meetings_table', 1),
(48, '2020_01_17_051906_create_tickets_table', 1),
(49, '2020_01_17_112647_create_ticket_replies_table', 1),
(50, '2020_01_23_101613_create_meeting_employees_table', 1),
(51, '2020_01_23_123844_create_event_employees_table', 1),
(52, '2020_01_24_062752_create_announcement_employees_table', 1),
(53, '2020_01_27_052503_create_attendance_employees_table', 1),
(54, '2020_02_17_035047_create_plans_table', 1),
(55, '2020_02_17_072503_create_orders_table', 1),
(56, '2020_02_28_051636_create_time_sheets_table', 1),
(57, '2020_03_12_095629_create_coupons_table', 1),
(58, '2020_03_12_120749_create_user_coupons_table', 1),
(59, '2020_04_18_063447_create_messages_table', 1),
(60, '2020_04_21_115823_create_assets_table', 1),
(61, '2020_05_01_122144_create_ducument_uploads_table', 1),
(62, '2020_05_04_070452_create_indicators_table', 1),
(63, '2020_05_05_023742_create_appraisals_table', 1),
(64, '2020_05_05_061241_create_goal_types_table', 1),
(65, '2020_05_05_095926_create_goal_trackings_table', 1),
(66, '2020_05_07_093520_create_company_policies_table', 1),
(67, '2020_05_07_131311_create_training_types_table', 1),
(68, '2020_05_08_023838_create_trainers_table', 1),
(69, '2020_05_08_043039_create_trainings_table', 1),
(70, '2020_05_21_065337_create_permission_tables', 1),
(71, '2020_07_06_102454_add_payment_type_in_orders_table', 1),
(72, '2020_07_22_131715_change_amount_type_size', 1),
(73, '2020_11_21_173530_create_heads_table', 1),
(74, '2020_11_24_134141_create_user_passes_table', 1),
(75, '2020_11_24_134214_create_units_table', 1),
(76, '2020_11_25_065012_add_status_to_employees_table', 2);

-- --------------------------------------------------------

--
-- Table structure for table `model_has_permissions`
--

CREATE TABLE `model_has_permissions` (
  `permission_id` bigint UNSIGNED NOT NULL,
  `model_type` varchar(255) COLLATE utf8mb4_unicode_ci NOT NULL,
  `model_id` bigint UNSIGNED NOT NULL
) ENGINE=InnoDB DEFAULT CHARSET=utf8mb4 COLLATE=utf8mb4_unicode_ci;

-- --------------------------------------------------------

--
-- Table structure for table `model_has_roles`
--

CREATE TABLE `model_has_roles` (
  `role_id` bigint UNSIGNED NOT NULL,
  `model_type` varchar(255) COLLATE utf8mb4_unicode_ci NOT NULL,
  `model_id` bigint UNSIGNED NOT NULL
) ENGINE=InnoDB DEFAULT CHARSET=utf8mb4 COLLATE=utf8mb4_unicode_ci;

--
-- Dumping data for table `model_has_roles`
--

INSERT INTO `model_has_roles` (`role_id`, `model_type`, `model_id`) VALUES
(1, 'App\\User', 1),
(2, 'App\\User', 2),
(3, 'App\\User', 3),
(4, 'App\\User', 190),
(4, 'App\\User', 191),
(4, 'App\\User', 192),
(4, 'App\\User', 193),
(4, 'App\\User', 194),
(4, 'App\\User', 195),
(4, 'App\\User', 196),
(4, 'App\\User', 197),
(4, 'App\\User', 198),
(4, 'App\\User', 199),
(4, 'App\\User', 200),
(4, 'App\\User', 201),
(4, 'App\\User', 202),
(4, 'App\\User', 203),
(4, 'App\\User', 204),
(4, 'App\\User', 205),
(4, 'App\\User', 206),
(4, 'App\\User', 207),
(4, 'App\\User', 208),
(4, 'App\\User', 209),
(4, 'App\\User', 210),
(4, 'App\\User', 211),
(4, 'App\\User', 212),
(4, 'App\\User', 213),
(4, 'App\\User', 214),
(4, 'App\\User', 215),
(4, 'App\\User', 216),
(4, 'App\\User', 217),
(4, 'App\\User', 218),
(4, 'App\\User', 219),
(4, 'App\\User', 220),
(4, 'App\\User', 221),
(4, 'App\\User', 222),
(4, 'App\\User', 223),
(4, 'App\\User', 224),
(4, 'App\\User', 225),
(4, 'App\\User', 226),
(4, 'App\\User', 227),
(4, 'App\\User', 228),
(4, 'App\\User', 229),
(4, 'App\\User', 230),
(4, 'App\\User', 231),
(4, 'App\\User', 232),
(4, 'App\\User', 233),
(4, 'App\\User', 234),
(4, 'App\\User', 235),
(4, 'App\\User', 236),
(4, 'App\\User', 237),
(4, 'App\\User', 238),
(4, 'App\\User', 239),
(4, 'App\\User', 240),
(4, 'App\\User', 241),
(4, 'App\\User', 242),
(4, 'App\\User', 243),
(4, 'App\\User', 244),
(4, 'App\\User', 245),
(4, 'App\\User', 246),
(4, 'App\\User', 247),
(4, 'App\\User', 248),
(4, 'App\\User', 249),
(4, 'App\\User', 250),
(4, 'App\\User', 251),
(4, 'App\\User', 252),
(4, 'App\\User', 253),
(4, 'App\\User', 254),
(4, 'App\\User', 255),
(4, 'App\\User', 256),
(4, 'App\\User', 257),
(4, 'App\\User', 258),
(4, 'App\\User', 259),
(4, 'App\\User', 260),
(4, 'App\\User', 261),
(4, 'App\\User', 262),
(4, 'App\\User', 263),
(4, 'App\\User', 264),
(4, 'App\\User', 265),
(4, 'App\\User', 266),
(4, 'App\\User', 267),
(4, 'App\\User', 268),
(4, 'App\\User', 269),
(4, 'App\\User', 270),
(4, 'App\\User', 271),
(4, 'App\\User', 272),
(4, 'App\\User', 273),
(4, 'App\\User', 274),
(4, 'App\\User', 275),
(4, 'App\\User', 276),
(4, 'App\\User', 277),
(4, 'App\\User', 278),
(4, 'App\\User', 279),
(4, 'App\\User', 280),
(4, 'App\\User', 281),
(4, 'App\\User', 282),
(4, 'App\\User', 283),
(4, 'App\\User', 284);

-- --------------------------------------------------------

--
-- Table structure for table `orders`
--

CREATE TABLE `orders` (
  `id` bigint UNSIGNED NOT NULL,
  `order_id` varchar(100) COLLATE utf8mb4_unicode_ci NOT NULL,
  `name` varchar(100) COLLATE utf8mb4_unicode_ci DEFAULT NULL,
  `email` varchar(100) COLLATE utf8mb4_unicode_ci DEFAULT NULL,
  `card_number` varchar(10) COLLATE utf8mb4_unicode_ci DEFAULT NULL,
  `card_exp_month` varchar(10) COLLATE utf8mb4_unicode_ci DEFAULT NULL,
  `card_exp_year` varchar(10) COLLATE utf8mb4_unicode_ci DEFAULT NULL,
  `plan_name` varchar(100) COLLATE utf8mb4_unicode_ci NOT NULL,
  `plan_id` int NOT NULL,
  `price` double(8,2) NOT NULL,
  `price_currency` varchar(10) COLLATE utf8mb4_unicode_ci NOT NULL,
  `txn_id` varchar(100) COLLATE utf8mb4_unicode_ci NOT NULL,
  `payment_status` varchar(100) COLLATE utf8mb4_unicode_ci NOT NULL,
  `payment_type` varchar(255) COLLATE utf8mb4_unicode_ci NOT NULL DEFAULT 'Manually',
  `receipt` varchar(255) COLLATE utf8mb4_unicode_ci DEFAULT NULL,
  `user_id` int NOT NULL DEFAULT '0',
  `created_at` timestamp NULL DEFAULT NULL,
  `updated_at` timestamp NULL DEFAULT NULL
) ENGINE=InnoDB DEFAULT CHARSET=utf8mb4 COLLATE=utf8mb4_unicode_ci;

-- --------------------------------------------------------

--
-- Table structure for table `other_payments`
--

CREATE TABLE `other_payments` (
  `id` bigint UNSIGNED NOT NULL,
  `employee_id` int NOT NULL,
  `title` varchar(255) COLLATE utf8mb4_unicode_ci NOT NULL,
  `amount` int NOT NULL,
  `created_by` int NOT NULL,
  `created_at` timestamp NULL DEFAULT NULL,
  `updated_at` timestamp NULL DEFAULT NULL
) ENGINE=InnoDB DEFAULT CHARSET=utf8mb4 COLLATE=utf8mb4_unicode_ci;

-- --------------------------------------------------------

--
-- Table structure for table `overtimes`
--

CREATE TABLE `overtimes` (
  `id` bigint UNSIGNED NOT NULL,
  `employee_id` int NOT NULL,
  `title` varchar(255) COLLATE utf8mb4_unicode_ci NOT NULL,
  `number_of_days` int NOT NULL,
  `hours` int NOT NULL,
  `rate` int NOT NULL,
  `created_by` int NOT NULL,
  `created_at` timestamp NULL DEFAULT NULL,
  `updated_at` timestamp NULL DEFAULT NULL
) ENGINE=InnoDB DEFAULT CHARSET=utf8mb4 COLLATE=utf8mb4_unicode_ci;

-- --------------------------------------------------------

--
-- Table structure for table `password_resets`
--

CREATE TABLE `password_resets` (
  `email` varchar(255) COLLATE utf8mb4_unicode_ci NOT NULL,
  `token` varchar(255) COLLATE utf8mb4_unicode_ci NOT NULL,
  `created_at` timestamp NULL DEFAULT NULL
) ENGINE=InnoDB DEFAULT CHARSET=utf8mb4 COLLATE=utf8mb4_unicode_ci;

--
-- Dumping data for table `password_resets`
--

INSERT INTO `password_resets` (`email`, `token`, `created_at`) VALUES
('adamsohiani@gmail.com', '$2y$10$Ftn2mR45.G3EGOOY2A8N7.bj78ZscB0fR4jrYRvekYFZnv8DVSzSe', '2020-12-18 12:47:37');

-- --------------------------------------------------------

--
-- Table structure for table `payees`
--

CREATE TABLE `payees` (
  `id` bigint UNSIGNED NOT NULL,
  `payee_name` varchar(255) COLLATE utf8mb4_unicode_ci NOT NULL,
  `contact_number` varchar(255) COLLATE utf8mb4_unicode_ci NOT NULL,
  `created_by` int NOT NULL,
  `created_at` timestamp NULL DEFAULT NULL,
  `updated_at` timestamp NULL DEFAULT NULL
) ENGINE=InnoDB DEFAULT CHARSET=utf8mb4 COLLATE=utf8mb4_unicode_ci;

-- --------------------------------------------------------

--
-- Table structure for table `payers`
--

CREATE TABLE `payers` (
  `id` bigint UNSIGNED NOT NULL,
  `payer_name` varchar(255) COLLATE utf8mb4_unicode_ci NOT NULL,
  `contact_number` varchar(255) COLLATE utf8mb4_unicode_ci NOT NULL,
  `created_by` int NOT NULL,
  `created_at` timestamp NULL DEFAULT NULL,
  `updated_at` timestamp NULL DEFAULT NULL
) ENGINE=InnoDB DEFAULT CHARSET=utf8mb4 COLLATE=utf8mb4_unicode_ci;

-- --------------------------------------------------------

--
-- Table structure for table `payment_types`
--

CREATE TABLE `payment_types` (
  `id` bigint UNSIGNED NOT NULL,
  `name` varchar(255) COLLATE utf8mb4_unicode_ci NOT NULL,
  `created_by` int NOT NULL,
  `created_at` timestamp NULL DEFAULT NULL,
  `updated_at` timestamp NULL DEFAULT NULL
) ENGINE=InnoDB DEFAULT CHARSET=utf8mb4 COLLATE=utf8mb4_unicode_ci;

--
-- Dumping data for table `payment_types`
--

INSERT INTO `payment_types` (`id`, `name`, `created_by`, `created_at`, `updated_at`) VALUES
(1, 'Cash', 2, '2020-12-17 12:40:40', '2020-12-17 12:40:40');

-- --------------------------------------------------------

--
-- Table structure for table `payslip_types`
--

CREATE TABLE `payslip_types` (
  `id` bigint UNSIGNED NOT NULL,
  `name` varchar(255) COLLATE utf8mb4_unicode_ci NOT NULL,
  `created_by` int NOT NULL,
  `created_at` timestamp NULL DEFAULT NULL,
  `updated_at` timestamp NULL DEFAULT NULL
) ENGINE=InnoDB DEFAULT CHARSET=utf8mb4 COLLATE=utf8mb4_unicode_ci;

--
-- Dumping data for table `payslip_types`
--

INSERT INTO `payslip_types` (`id`, `name`, `created_by`, `created_at`, `updated_at`) VALUES
(1, 'GROSS SALARY', 2, '2020-11-26 11:20:57', '2020-11-26 11:20:57');

-- --------------------------------------------------------

--
-- Table structure for table `pay_slips`
--

CREATE TABLE `pay_slips` (
  `id` bigint UNSIGNED NOT NULL,
  `employee_id` int NOT NULL,
  `net_payble` int NOT NULL,
  `salary_month` varchar(255) COLLATE utf8mb4_unicode_ci NOT NULL,
  `status` int NOT NULL,
  `basic_salary` int NOT NULL,
  `allowance` text COLLATE utf8mb4_unicode_ci NOT NULL,
  `commission` text COLLATE utf8mb4_unicode_ci NOT NULL,
  `loan` text COLLATE utf8mb4_unicode_ci NOT NULL,
  `saturation_deduction` text COLLATE utf8mb4_unicode_ci NOT NULL,
  `other_payment` text COLLATE utf8mb4_unicode_ci NOT NULL,
  `overtime` text COLLATE utf8mb4_unicode_ci NOT NULL,
  `created_by` int NOT NULL,
  `created_at` timestamp NULL DEFAULT NULL,
  `updated_at` timestamp NULL DEFAULT NULL
) ENGINE=InnoDB DEFAULT CHARSET=utf8mb4 COLLATE=utf8mb4_unicode_ci;

--
-- Dumping data for table `pay_slips`
--

INSERT INTO `pay_slips` (`id`, `employee_id`, `net_payble`, `salary_month`, `status`, `basic_salary`, `allowance`, `commission`, `loan`, `saturation_deduction`, `other_payment`, `overtime`, `created_by`, `created_at`, `updated_at`) VALUES
(476, 179, 11576, '2020-01', 0, 1001, '[{\"id\":1,\"employee_id\":179,\"allowance_option\":1,\"title\":\"Nil\",\"amount\":\"17000\",\"created_by\":2,\"created_at\":\"2020-11-26T11:21:45.000000Z\",\"updated_at\":\"2020-11-26T11:21:45.000000Z\"},{\"id\":2,\"employee_id\":179,\"allowance_option\":1,\"title\":\"Nil\",\"amount\":\"160.14\",\"created_by\":2,\"created_at\":\"2020-11-26T13:02:49.000000Z\",\"updated_at\":\"2020-11-26T13:02:49.000000Z\"}]', '[{\"id\":1,\"employee_id\":179,\"title\":\"ww\",\"amount\":101,\"created_by\":2,\"created_at\":\"2020-11-26T12:43:40.000000Z\",\"updated_at\":\"2020-11-26T12:43:40.000000Z\"},{\"id\":2,\"employee_id\":179,\"title\":\"dd\",\"amount\":103,\"created_by\":2,\"created_at\":\"2020-11-26T12:44:08.000000Z\",\"updated_at\":\"2020-11-26T12:44:08.000000Z\"},{\"id\":3,\"employee_id\":179,\"title\":\"Test\",\"amount\":104,\"created_by\":2,\"created_at\":\"2020-11-26T12:44:29.000000Z\",\"updated_at\":\"2020-11-26T12:44:29.000000Z\"},{\"id\":4,\"employee_id\":179,\"title\":\"Invoice\",\"amount\":109,\"created_by\":2,\"created_at\":\"2020-11-26T12:46:35.000000Z\",\"updated_at\":\"2020-11-26T12:46:35.000000Z\"}]', '[]', '[{\"id\":1,\"employee_id\":179,\"deduction_option\":1,\"title\":\"Nil\",\"amount\":5000,\"created_by\":2,\"created_at\":\"2020-11-26T11:21:53.000000Z\",\"updated_at\":\"2020-11-26T11:21:53.000000Z\"},{\"id\":2,\"employee_id\":179,\"deduction_option\":1,\"title\":\"Nil\",\"amount\":1001,\"created_by\":2,\"created_at\":\"2020-11-26T12:47:08.000000Z\",\"updated_at\":\"2020-11-26T12:47:08.000000Z\"}]', '[]', '[]', 2, '2020-12-08 12:25:53', '2020-12-08 12:25:53'),
(477, 180, 0, '2020-01', 0, 0, '[]', '[]', '[]', '[]', '[]', '[]', 2, '2020-12-08 12:25:53', '2020-12-08 12:25:53'),
(478, 181, 0, '2020-01', 0, 0, '[]', '[]', '[]', '[]', '[]', '[]', 2, '2020-12-08 12:25:54', '2020-12-08 12:25:54'),
(479, 182, 0, '2020-01', 0, 0, '[]', '[]', '[]', '[]', '[]', '[]', 2, '2020-12-08 12:25:54', '2020-12-08 12:25:54'),
(480, 183, 0, '2020-01', 0, 0, '[]', '[]', '[]', '[]', '[]', '[]', 2, '2020-12-08 12:25:54', '2020-12-08 12:25:54'),
(481, 184, 0, '2020-01', 0, 0, '[]', '[]', '[]', '[]', '[]', '[]', 2, '2020-12-08 12:25:54', '2020-12-08 12:25:54'),
(482, 185, 0, '2020-01', 0, 0, '[]', '[]', '[]', '[]', '[]', '[]', 2, '2020-12-08 12:25:54', '2020-12-08 12:25:54'),
(483, 186, 0, '2020-01', 0, 0, '[]', '[]', '[]', '[]', '[]', '[]', 2, '2020-12-08 12:25:54', '2020-12-08 12:25:54'),
(484, 187, 0, '2020-01', 0, 0, '[]', '[]', '[]', '[]', '[]', '[]', 2, '2020-12-08 12:25:54', '2020-12-08 12:25:54'),
(485, 188, 0, '2020-01', 0, 0, '[]', '[]', '[]', '[]', '[]', '[]', 2, '2020-12-08 12:25:55', '2020-12-08 12:25:55'),
(486, 189, 0, '2020-01', 0, 0, '[]', '[]', '[]', '[]', '[]', '[]', 2, '2020-12-08 12:25:55', '2020-12-08 12:25:55'),
(487, 190, 0, '2020-01', 0, 0, '[]', '[]', '[]', '[]', '[]', '[]', 2, '2020-12-08 12:25:55', '2020-12-08 12:25:55'),
(488, 191, 0, '2020-01', 0, 0, '[]', '[]', '[]', '[]', '[]', '[]', 2, '2020-12-08 12:25:55', '2020-12-08 12:25:55'),
(489, 192, 0, '2020-01', 0, 0, '[]', '[]', '[]', '[]', '[]', '[]', 2, '2020-12-08 12:25:55', '2020-12-08 12:25:55'),
(490, 193, 0, '2020-01', 0, 0, '[]', '[]', '[]', '[]', '[]', '[]', 2, '2020-12-08 12:25:55', '2020-12-08 12:25:55'),
(491, 194, 0, '2020-01', 0, 0, '[]', '[]', '[]', '[]', '[]', '[]', 2, '2020-12-08 12:25:55', '2020-12-08 12:25:55'),
(492, 195, 0, '2020-01', 0, 0, '[]', '[]', '[]', '[]', '[]', '[]', 2, '2020-12-08 12:25:55', '2020-12-08 12:25:55'),
(493, 196, 0, '2020-01', 0, 0, '[]', '[]', '[]', '[]', '[]', '[]', 2, '2020-12-08 12:25:55', '2020-12-08 12:25:55'),
(494, 197, 0, '2020-01', 0, 0, '[]', '[]', '[]', '[]', '[]', '[]', 2, '2020-12-08 12:25:56', '2020-12-08 12:25:56'),
(495, 198, 0, '2020-01', 0, 0, '[]', '[]', '[]', '[]', '[]', '[]', 2, '2020-12-08 12:25:56', '2020-12-08 12:25:56'),
(496, 199, 0, '2020-01', 0, 0, '[]', '[]', '[]', '[]', '[]', '[]', 2, '2020-12-08 12:25:56', '2020-12-08 12:25:56'),
(497, 200, 0, '2020-01', 0, 0, '[]', '[]', '[]', '[]', '[]', '[]', 2, '2020-12-08 12:25:56', '2020-12-08 12:25:56'),
(498, 201, 0, '2020-01', 0, 0, '[]', '[]', '[]', '[]', '[]', '[]', 2, '2020-12-08 12:25:56', '2020-12-08 12:25:56'),
(499, 202, 0, '2020-01', 0, 0, '[]', '[]', '[]', '[]', '[]', '[]', 2, '2020-12-08 12:25:56', '2020-12-08 12:25:56'),
(500, 203, 0, '2020-01', 0, 0, '[]', '[]', '[]', '[]', '[]', '[]', 2, '2020-12-08 12:25:56', '2020-12-08 12:25:56'),
(501, 204, 0, '2020-01', 0, 0, '[]', '[]', '[]', '[]', '[]', '[]', 2, '2020-12-08 12:25:56', '2020-12-08 12:25:56'),
(502, 205, 0, '2020-01', 0, 0, '[]', '[]', '[]', '[]', '[]', '[]', 2, '2020-12-08 12:25:57', '2020-12-08 12:25:57'),
(503, 206, 0, '2020-01', 0, 0, '[]', '[]', '[]', '[]', '[]', '[]', 2, '2020-12-08 12:25:57', '2020-12-08 12:25:57'),
(504, 207, 0, '2020-01', 0, 0, '[]', '[]', '[]', '[]', '[]', '[]', 2, '2020-12-08 12:25:57', '2020-12-08 12:25:57'),
(505, 208, 0, '2020-01', 0, 0, '[]', '[]', '[]', '[]', '[]', '[]', 2, '2020-12-08 12:25:57', '2020-12-08 12:25:57'),
(506, 209, 0, '2020-01', 0, 0, '[]', '[]', '[]', '[]', '[]', '[]', 2, '2020-12-08 12:25:57', '2020-12-08 12:25:57'),
(507, 210, 0, '2020-01', 0, 0, '[]', '[]', '[]', '[]', '[]', '[]', 2, '2020-12-08 12:25:57', '2020-12-08 12:25:57'),
(508, 211, 0, '2020-01', 0, 0, '[]', '[]', '[]', '[]', '[]', '[]', 2, '2020-12-08 12:25:57', '2020-12-08 12:25:57'),
(509, 212, 0, '2020-01', 0, 0, '[]', '[]', '[]', '[]', '[]', '[]', 2, '2020-12-08 12:25:57', '2020-12-08 12:25:57'),
(510, 213, 0, '2020-01', 0, 0, '[]', '[]', '[]', '[]', '[]', '[]', 2, '2020-12-08 12:25:57', '2020-12-08 12:25:57'),
(511, 214, 0, '2020-01', 0, 0, '[]', '[]', '[]', '[]', '[]', '[]', 2, '2020-12-08 12:25:58', '2020-12-08 12:25:58'),
(512, 215, 0, '2020-01', 0, 0, '[]', '[]', '[]', '[]', '[]', '[]', 2, '2020-12-08 12:25:58', '2020-12-08 12:25:58'),
(513, 216, 0, '2020-01', 0, 0, '[]', '[]', '[]', '[]', '[]', '[]', 2, '2020-12-08 12:25:58', '2020-12-08 12:25:58'),
(514, 217, 0, '2020-01', 0, 0, '[]', '[]', '[]', '[]', '[]', '[]', 2, '2020-12-08 12:25:58', '2020-12-08 12:25:58'),
(515, 218, 0, '2020-01', 0, 0, '[]', '[]', '[]', '[]', '[]', '[]', 2, '2020-12-08 12:25:58', '2020-12-08 12:25:58'),
(516, 219, 0, '2020-01', 0, 0, '[]', '[]', '[]', '[]', '[]', '[]', 2, '2020-12-08 12:25:58', '2020-12-08 12:25:58'),
(517, 220, 0, '2020-01', 0, 0, '[]', '[]', '[]', '[]', '[]', '[]', 2, '2020-12-08 12:25:58', '2020-12-08 12:25:58'),
(518, 221, 0, '2020-01', 0, 0, '[]', '[]', '[]', '[]', '[]', '[]', 2, '2020-12-08 12:25:58', '2020-12-08 12:25:58'),
(519, 222, 0, '2020-01', 0, 0, '[]', '[]', '[]', '[]', '[]', '[]', 2, '2020-12-08 12:25:58', '2020-12-08 12:25:58'),
(520, 223, 0, '2020-01', 0, 0, '[]', '[]', '[]', '[]', '[]', '[]', 2, '2020-12-08 12:25:59', '2020-12-08 12:25:59'),
(521, 224, 0, '2020-01', 0, 0, '[]', '[]', '[]', '[]', '[]', '[]', 2, '2020-12-08 12:25:59', '2020-12-08 12:25:59'),
(522, 225, 0, '2020-01', 0, 0, '[]', '[]', '[]', '[]', '[]', '[]', 2, '2020-12-08 12:25:59', '2020-12-08 12:25:59'),
(523, 226, 0, '2020-01', 0, 0, '[]', '[]', '[]', '[]', '[]', '[]', 2, '2020-12-08 12:25:59', '2020-12-08 12:25:59'),
(524, 227, 0, '2020-01', 0, 0, '[]', '[]', '[]', '[]', '[]', '[]', 2, '2020-12-08 12:25:59', '2020-12-08 12:25:59'),
(525, 228, 0, '2020-01', 0, 0, '[]', '[]', '[]', '[]', '[]', '[]', 2, '2020-12-08 12:25:59', '2020-12-08 12:25:59'),
(526, 229, 0, '2020-01', 0, 0, '[]', '[]', '[]', '[]', '[]', '[]', 2, '2020-12-08 12:25:59', '2020-12-08 12:25:59'),
(527, 230, 0, '2020-01', 0, 0, '[]', '[]', '[]', '[]', '[]', '[]', 2, '2020-12-08 12:25:59', '2020-12-08 12:25:59'),
(528, 231, 0, '2020-01', 0, 0, '[]', '[]', '[]', '[]', '[]', '[]', 2, '2020-12-08 12:25:59', '2020-12-08 12:25:59'),
(529, 232, 0, '2020-01', 0, 0, '[]', '[]', '[]', '[]', '[]', '[]', 2, '2020-12-08 12:26:00', '2020-12-08 12:26:00'),
(530, 233, 0, '2020-01', 0, 0, '[]', '[]', '[]', '[]', '[]', '[]', 2, '2020-12-08 12:26:00', '2020-12-08 12:26:00'),
(531, 234, 0, '2020-01', 0, 0, '[]', '[]', '[]', '[]', '[]', '[]', 2, '2020-12-08 12:26:00', '2020-12-08 12:26:00'),
(532, 235, 0, '2020-01', 0, 0, '[]', '[]', '[]', '[]', '[]', '[]', 2, '2020-12-08 12:26:00', '2020-12-08 12:26:00'),
(533, 236, 0, '2020-01', 0, 0, '[]', '[]', '[]', '[]', '[]', '[]', 2, '2020-12-08 12:26:00', '2020-12-08 12:26:00'),
(534, 237, 0, '2020-01', 0, 0, '[]', '[]', '[]', '[]', '[]', '[]', 2, '2020-12-08 12:26:00', '2020-12-08 12:26:00'),
(535, 238, 0, '2020-01', 0, 0, '[]', '[]', '[]', '[]', '[]', '[]', 2, '2020-12-08 12:26:00', '2020-12-08 12:26:00'),
(536, 239, 0, '2020-01', 0, 0, '[]', '[]', '[]', '[]', '[]', '[]', 2, '2020-12-08 12:26:00', '2020-12-08 12:26:00'),
(537, 240, 0, '2020-01', 0, 0, '[]', '[]', '[]', '[]', '[]', '[]', 2, '2020-12-08 12:26:00', '2020-12-08 12:26:00'),
(538, 241, 0, '2020-01', 0, 0, '[]', '[]', '[]', '[]', '[]', '[]', 2, '2020-12-08 12:26:01', '2020-12-08 12:26:01'),
(539, 242, 0, '2020-01', 0, 0, '[]', '[]', '[]', '[]', '[]', '[]', 2, '2020-12-08 12:26:01', '2020-12-08 12:26:01'),
(540, 243, 0, '2020-01', 0, 0, '[]', '[]', '[]', '[]', '[]', '[]', 2, '2020-12-08 12:26:01', '2020-12-08 12:26:01'),
(541, 244, 0, '2020-01', 0, 0, '[]', '[]', '[]', '[]', '[]', '[]', 2, '2020-12-08 12:26:01', '2020-12-08 12:26:01'),
(542, 245, 0, '2020-01', 0, 0, '[]', '[]', '[]', '[]', '[]', '[]', 2, '2020-12-08 12:26:01', '2020-12-08 12:26:01'),
(543, 246, 0, '2020-01', 0, 0, '[]', '[]', '[]', '[]', '[]', '[]', 2, '2020-12-08 12:26:01', '2020-12-08 12:26:01'),
(544, 247, 0, '2020-01', 0, 0, '[]', '[]', '[]', '[]', '[]', '[]', 2, '2020-12-08 12:26:01', '2020-12-08 12:26:01'),
(545, 248, 0, '2020-01', 0, 0, '[]', '[]', '[]', '[]', '[]', '[]', 2, '2020-12-08 12:26:01', '2020-12-08 12:26:01'),
(546, 249, 0, '2020-01', 0, 0, '[]', '[]', '[]', '[]', '[]', '[]', 2, '2020-12-08 12:26:01', '2020-12-08 12:26:01'),
(547, 250, 0, '2020-01', 0, 0, '[]', '[]', '[]', '[]', '[]', '[]', 2, '2020-12-08 12:26:02', '2020-12-08 12:26:02'),
(548, 251, 0, '2020-01', 0, 0, '[]', '[]', '[]', '[]', '[]', '[]', 2, '2020-12-08 12:26:02', '2020-12-08 12:26:02'),
(549, 252, 0, '2020-01', 0, 0, '[]', '[]', '[]', '[]', '[]', '[]', 2, '2020-12-08 12:26:02', '2020-12-08 12:26:02'),
(550, 253, 0, '2020-01', 0, 0, '[]', '[]', '[]', '[]', '[]', '[]', 2, '2020-12-08 12:26:02', '2020-12-08 12:26:02'),
(551, 254, 0, '2020-01', 0, 0, '[]', '[]', '[]', '[]', '[]', '[]', 2, '2020-12-08 12:26:02', '2020-12-08 12:26:02'),
(552, 255, 0, '2020-01', 0, 0, '[]', '[]', '[]', '[]', '[]', '[]', 2, '2020-12-08 12:26:02', '2020-12-08 12:26:02'),
(553, 256, 0, '2020-01', 0, 0, '[]', '[]', '[]', '[]', '[]', '[]', 2, '2020-12-08 12:26:02', '2020-12-08 12:26:02'),
(554, 257, 0, '2020-01', 0, 0, '[]', '[]', '[]', '[]', '[]', '[]', 2, '2020-12-08 12:26:02', '2020-12-08 12:26:02'),
(555, 258, 0, '2020-01', 0, 0, '[]', '[]', '[]', '[]', '[]', '[]', 2, '2020-12-08 12:26:02', '2020-12-08 12:26:02'),
(556, 259, 0, '2020-01', 0, 0, '[]', '[]', '[]', '[]', '[]', '[]', 2, '2020-12-08 12:26:03', '2020-12-08 12:26:03'),
(557, 260, 0, '2020-01', 0, 0, '[]', '[]', '[]', '[]', '[]', '[]', 2, '2020-12-08 12:26:03', '2020-12-08 12:26:03'),
(558, 261, 0, '2020-01', 0, 0, '[]', '[]', '[]', '[]', '[]', '[]', 2, '2020-12-08 12:26:03', '2020-12-08 12:26:03'),
(559, 262, 0, '2020-01', 0, 0, '[]', '[]', '[]', '[]', '[]', '[]', 2, '2020-12-08 12:26:03', '2020-12-08 12:26:03'),
(560, 263, 0, '2020-01', 0, 0, '[]', '[]', '[]', '[]', '[]', '[]', 2, '2020-12-08 12:26:03', '2020-12-08 12:26:03'),
(561, 264, 0, '2020-01', 0, 0, '[]', '[]', '[]', '[]', '[]', '[]', 2, '2020-12-08 12:26:03', '2020-12-08 12:26:03'),
(562, 265, 0, '2020-01', 0, 0, '[]', '[]', '[]', '[]', '[]', '[]', 2, '2020-12-08 12:26:03', '2020-12-08 12:26:03'),
(563, 266, 0, '2020-01', 0, 0, '[]', '[]', '[]', '[]', '[]', '[]', 2, '2020-12-08 12:26:03', '2020-12-08 12:26:03'),
(564, 267, 0, '2020-01', 0, 0, '[]', '[]', '[]', '[]', '[]', '[]', 2, '2020-12-08 12:26:03', '2020-12-08 12:26:03'),
(565, 268, 0, '2020-01', 0, 0, '[]', '[]', '[]', '[]', '[]', '[]', 2, '2020-12-08 12:26:04', '2020-12-08 12:26:04'),
(566, 269, 0, '2020-01', 0, 0, '[]', '[]', '[]', '[]', '[]', '[]', 2, '2020-12-08 12:26:04', '2020-12-08 12:26:04'),
(567, 270, 300, '2020-01', 1, 10000, '[{\"id\":3,\"employee_id\":270,\"allowance_option\":1,\"title\":\"Nil\",\"amount\":\"300.00\",\"created_by\":2,\"created_at\":\"2020-12-08T12:09:55.000000Z\",\"updated_at\":\"2020-12-08T12:09:55.000000Z\"}]', '[]', '[]', '[]', '[]', '[]', 2, '2020-12-08 12:26:04', '2020-12-08 12:26:29'),
(568, 271, 0, '2020-01', 0, 0, '[]', '[]', '[]', '[]', '[]', '[]', 2, '2020-12-08 12:26:04', '2020-12-08 12:26:04'),
(569, 272, 0, '2020-01', 0, 0, '[]', '[]', '[]', '[]', '[]', '[]', 2, '2020-12-08 12:26:04', '2020-12-08 12:26:04'),
(570, 273, 0, '2020-01', 0, 0, '[]', '[]', '[]', '[]', '[]', '[]', 2, '2020-12-08 12:26:04', '2020-12-08 12:26:04'),
(571, 179, 11576, '2020-02', 0, 1001, '[{\"id\":1,\"employee_id\":179,\"allowance_option\":1,\"title\":\"Nil\",\"amount\":\"17000\",\"created_by\":2,\"created_at\":\"2020-11-26T11:21:45.000000Z\",\"updated_at\":\"2020-11-26T11:21:45.000000Z\"},{\"id\":2,\"employee_id\":179,\"allowance_option\":1,\"title\":\"Nil\",\"amount\":\"160.14\",\"created_by\":2,\"created_at\":\"2020-11-26T13:02:49.000000Z\",\"updated_at\":\"2020-11-26T13:02:49.000000Z\"}]', '[{\"id\":1,\"employee_id\":179,\"title\":\"ww\",\"amount\":101,\"created_by\":2,\"created_at\":\"2020-11-26T12:43:40.000000Z\",\"updated_at\":\"2020-11-26T12:43:40.000000Z\"},{\"id\":2,\"employee_id\":179,\"title\":\"dd\",\"amount\":103,\"created_by\":2,\"created_at\":\"2020-11-26T12:44:08.000000Z\",\"updated_at\":\"2020-11-26T12:44:08.000000Z\"},{\"id\":3,\"employee_id\":179,\"title\":\"Test\",\"amount\":104,\"created_by\":2,\"created_at\":\"2020-11-26T12:44:29.000000Z\",\"updated_at\":\"2020-11-26T12:44:29.000000Z\"},{\"id\":4,\"employee_id\":179,\"title\":\"Invoice\",\"amount\":109,\"created_by\":2,\"created_at\":\"2020-11-26T12:46:35.000000Z\",\"updated_at\":\"2020-11-26T12:46:35.000000Z\"}]', '[]', '[{\"id\":1,\"employee_id\":179,\"deduction_option\":1,\"title\":\"Nil\",\"amount\":5000,\"created_by\":2,\"created_at\":\"2020-11-26T11:21:53.000000Z\",\"updated_at\":\"2020-11-26T11:21:53.000000Z\"},{\"id\":2,\"employee_id\":179,\"deduction_option\":1,\"title\":\"Nil\",\"amount\":1001,\"created_by\":2,\"created_at\":\"2020-11-26T12:47:08.000000Z\",\"updated_at\":\"2020-11-26T12:47:08.000000Z\"}]', '[]', '[]', 2, '2020-12-08 12:49:32', '2020-12-08 12:49:32'),
(572, 180, 0, '2020-02', 0, 0, '[]', '[]', '[]', '[]', '[]', '[]', 2, '2020-12-08 12:49:32', '2020-12-08 12:49:32'),
(573, 181, 0, '2020-02', 0, 0, '[]', '[]', '[]', '[]', '[]', '[]', 2, '2020-12-08 12:49:32', '2020-12-08 12:49:32'),
(574, 182, 0, '2020-02', 0, 0, '[]', '[]', '[]', '[]', '[]', '[]', 2, '2020-12-08 12:49:32', '2020-12-08 12:49:32'),
(575, 183, 0, '2020-02', 0, 0, '[]', '[]', '[]', '[]', '[]', '[]', 2, '2020-12-08 12:49:33', '2020-12-08 12:49:33'),
(576, 184, 0, '2020-02', 0, 0, '[]', '[]', '[]', '[]', '[]', '[]', 2, '2020-12-08 12:49:33', '2020-12-08 12:49:33'),
(577, 185, 0, '2020-02', 0, 0, '[]', '[]', '[]', '[]', '[]', '[]', 2, '2020-12-08 12:49:33', '2020-12-08 12:49:33'),
(578, 186, 0, '2020-02', 0, 0, '[]', '[]', '[]', '[]', '[]', '[]', 2, '2020-12-08 12:49:33', '2020-12-08 12:49:33'),
(579, 187, 0, '2020-02', 0, 0, '[]', '[]', '[]', '[]', '[]', '[]', 2, '2020-12-08 12:49:33', '2020-12-08 12:49:33'),
(580, 188, 0, '2020-02', 0, 0, '[]', '[]', '[]', '[]', '[]', '[]', 2, '2020-12-08 12:49:33', '2020-12-08 12:49:33'),
(581, 189, 0, '2020-02', 0, 0, '[]', '[]', '[]', '[]', '[]', '[]', 2, '2020-12-08 12:49:33', '2020-12-08 12:49:33'),
(582, 190, 0, '2020-02', 0, 0, '[]', '[]', '[]', '[]', '[]', '[]', 2, '2020-12-08 12:49:33', '2020-12-08 12:49:33'),
(583, 191, 0, '2020-02', 0, 0, '[]', '[]', '[]', '[]', '[]', '[]', 2, '2020-12-08 12:49:34', '2020-12-08 12:49:34'),
(584, 192, 0, '2020-02', 0, 0, '[]', '[]', '[]', '[]', '[]', '[]', 2, '2020-12-08 12:49:34', '2020-12-08 12:49:34'),
(585, 193, 0, '2020-02', 0, 0, '[]', '[]', '[]', '[]', '[]', '[]', 2, '2020-12-08 12:49:34', '2020-12-08 12:49:34'),
(586, 194, 0, '2020-02', 0, 0, '[]', '[]', '[]', '[]', '[]', '[]', 2, '2020-12-08 12:49:34', '2020-12-08 12:49:34'),
(587, 195, 0, '2020-02', 0, 0, '[]', '[]', '[]', '[]', '[]', '[]', 2, '2020-12-08 12:49:34', '2020-12-08 12:49:34'),
(588, 196, 0, '2020-02', 0, 0, '[]', '[]', '[]', '[]', '[]', '[]', 2, '2020-12-08 12:49:34', '2020-12-08 12:49:34'),
(589, 197, 0, '2020-02', 0, 0, '[]', '[]', '[]', '[]', '[]', '[]', 2, '2020-12-08 12:49:34', '2020-12-08 12:49:34'),
(590, 198, 0, '2020-02', 0, 0, '[]', '[]', '[]', '[]', '[]', '[]', 2, '2020-12-08 12:49:34', '2020-12-08 12:49:34'),
(591, 199, 0, '2020-02', 0, 0, '[]', '[]', '[]', '[]', '[]', '[]', 2, '2020-12-08 12:49:34', '2020-12-08 12:49:34'),
(592, 200, 0, '2020-02', 0, 0, '[]', '[]', '[]', '[]', '[]', '[]', 2, '2020-12-08 12:49:35', '2020-12-08 12:49:35'),
(593, 201, 0, '2020-02', 0, 0, '[]', '[]', '[]', '[]', '[]', '[]', 2, '2020-12-08 12:49:35', '2020-12-08 12:49:35'),
(594, 202, 0, '2020-02', 0, 0, '[]', '[]', '[]', '[]', '[]', '[]', 2, '2020-12-08 12:49:35', '2020-12-08 12:49:35'),
(595, 203, 0, '2020-02', 0, 0, '[]', '[]', '[]', '[]', '[]', '[]', 2, '2020-12-08 12:49:35', '2020-12-08 12:49:35'),
(596, 204, 0, '2020-02', 0, 0, '[]', '[]', '[]', '[]', '[]', '[]', 2, '2020-12-08 12:49:35', '2020-12-08 12:49:35'),
(597, 205, 0, '2020-02', 0, 0, '[]', '[]', '[]', '[]', '[]', '[]', 2, '2020-12-08 12:49:35', '2020-12-08 12:49:35'),
(598, 206, 0, '2020-02', 0, 0, '[]', '[]', '[]', '[]', '[]', '[]', 2, '2020-12-08 12:49:35', '2020-12-08 12:49:35'),
(599, 207, 0, '2020-02', 0, 0, '[]', '[]', '[]', '[]', '[]', '[]', 2, '2020-12-08 12:49:35', '2020-12-08 12:49:35'),
(600, 208, 0, '2020-02', 0, 0, '[]', '[]', '[]', '[]', '[]', '[]', 2, '2020-12-08 12:49:35', '2020-12-08 12:49:35'),
(601, 209, 0, '2020-02', 0, 0, '[]', '[]', '[]', '[]', '[]', '[]', 2, '2020-12-08 12:49:36', '2020-12-08 12:49:36'),
(602, 210, 0, '2020-02', 0, 0, '[]', '[]', '[]', '[]', '[]', '[]', 2, '2020-12-08 12:49:36', '2020-12-08 12:49:36'),
(603, 211, 0, '2020-02', 0, 0, '[]', '[]', '[]', '[]', '[]', '[]', 2, '2020-12-08 12:49:36', '2020-12-08 12:49:36'),
(604, 212, 0, '2020-02', 0, 0, '[]', '[]', '[]', '[]', '[]', '[]', 2, '2020-12-08 12:49:36', '2020-12-08 12:49:36'),
(605, 213, 0, '2020-02', 0, 0, '[]', '[]', '[]', '[]', '[]', '[]', 2, '2020-12-08 12:49:36', '2020-12-08 12:49:36'),
(606, 214, 0, '2020-02', 0, 0, '[]', '[]', '[]', '[]', '[]', '[]', 2, '2020-12-08 12:49:36', '2020-12-08 12:49:36'),
(607, 215, 0, '2020-02', 0, 0, '[]', '[]', '[]', '[]', '[]', '[]', 2, '2020-12-08 12:49:36', '2020-12-08 12:49:36'),
(608, 216, 0, '2020-02', 0, 0, '[]', '[]', '[]', '[]', '[]', '[]', 2, '2020-12-08 12:49:36', '2020-12-08 12:49:36'),
(609, 217, 0, '2020-02', 0, 0, '[]', '[]', '[]', '[]', '[]', '[]', 2, '2020-12-08 12:49:36', '2020-12-08 12:49:36'),
(610, 218, 0, '2020-02', 0, 0, '[]', '[]', '[]', '[]', '[]', '[]', 2, '2020-12-08 12:49:37', '2020-12-08 12:49:37'),
(611, 219, 0, '2020-02', 0, 0, '[]', '[]', '[]', '[]', '[]', '[]', 2, '2020-12-08 12:49:37', '2020-12-08 12:49:37'),
(612, 220, 0, '2020-02', 0, 0, '[]', '[]', '[]', '[]', '[]', '[]', 2, '2020-12-08 12:49:37', '2020-12-08 12:49:37'),
(613, 221, 0, '2020-02', 0, 0, '[]', '[]', '[]', '[]', '[]', '[]', 2, '2020-12-08 12:49:37', '2020-12-08 12:49:37'),
(614, 222, 0, '2020-02', 0, 0, '[]', '[]', '[]', '[]', '[]', '[]', 2, '2020-12-08 12:49:37', '2020-12-08 12:49:37'),
(615, 223, 0, '2020-02', 0, 0, '[]', '[]', '[]', '[]', '[]', '[]', 2, '2020-12-08 12:49:37', '2020-12-08 12:49:37'),
(616, 224, 0, '2020-02', 0, 0, '[]', '[]', '[]', '[]', '[]', '[]', 2, '2020-12-08 12:49:37', '2020-12-08 12:49:37'),
(617, 225, 0, '2020-02', 0, 0, '[]', '[]', '[]', '[]', '[]', '[]', 2, '2020-12-08 12:49:37', '2020-12-08 12:49:37'),
(618, 226, 0, '2020-02', 0, 0, '[]', '[]', '[]', '[]', '[]', '[]', 2, '2020-12-08 12:49:37', '2020-12-08 12:49:37'),
(619, 227, 0, '2020-02', 0, 0, '[]', '[]', '[]', '[]', '[]', '[]', 2, '2020-12-08 12:49:38', '2020-12-08 12:49:38'),
(620, 228, 0, '2020-02', 0, 0, '[]', '[]', '[]', '[]', '[]', '[]', 2, '2020-12-08 12:49:38', '2020-12-08 12:49:38'),
(621, 229, 0, '2020-02', 0, 0, '[]', '[]', '[]', '[]', '[]', '[]', 2, '2020-12-08 12:49:38', '2020-12-08 12:49:38'),
(622, 230, 0, '2020-02', 0, 0, '[]', '[]', '[]', '[]', '[]', '[]', 2, '2020-12-08 12:49:38', '2020-12-08 12:49:38'),
(623, 231, 0, '2020-02', 0, 0, '[]', '[]', '[]', '[]', '[]', '[]', 2, '2020-12-08 12:49:38', '2020-12-08 12:49:38'),
(624, 232, 0, '2020-02', 0, 0, '[]', '[]', '[]', '[]', '[]', '[]', 2, '2020-12-08 12:49:38', '2020-12-08 12:49:38'),
(625, 233, 0, '2020-02', 0, 0, '[]', '[]', '[]', '[]', '[]', '[]', 2, '2020-12-08 12:49:38', '2020-12-08 12:49:38'),
(626, 234, 0, '2020-02', 0, 0, '[]', '[]', '[]', '[]', '[]', '[]', 2, '2020-12-08 12:49:38', '2020-12-08 12:49:38'),
(627, 235, 0, '2020-02', 0, 0, '[]', '[]', '[]', '[]', '[]', '[]', 2, '2020-12-08 12:49:38', '2020-12-08 12:49:38'),
(628, 236, 0, '2020-02', 0, 0, '[]', '[]', '[]', '[]', '[]', '[]', 2, '2020-12-08 12:49:39', '2020-12-08 12:49:39'),
(629, 237, 0, '2020-02', 0, 0, '[]', '[]', '[]', '[]', '[]', '[]', 2, '2020-12-08 12:49:39', '2020-12-08 12:49:39'),
(630, 238, 0, '2020-02', 0, 0, '[]', '[]', '[]', '[]', '[]', '[]', 2, '2020-12-08 12:49:39', '2020-12-08 12:49:39'),
(631, 239, 0, '2020-02', 0, 0, '[]', '[]', '[]', '[]', '[]', '[]', 2, '2020-12-08 12:49:39', '2020-12-08 12:49:39'),
(632, 240, 0, '2020-02', 0, 0, '[]', '[]', '[]', '[]', '[]', '[]', 2, '2020-12-08 12:49:39', '2020-12-08 12:49:39'),
(633, 241, 0, '2020-02', 0, 0, '[]', '[]', '[]', '[]', '[]', '[]', 2, '2020-12-08 12:49:39', '2020-12-08 12:49:39'),
(634, 242, 0, '2020-02', 0, 0, '[]', '[]', '[]', '[]', '[]', '[]', 2, '2020-12-08 12:49:39', '2020-12-08 12:49:39'),
(635, 243, 0, '2020-02', 0, 0, '[]', '[]', '[]', '[]', '[]', '[]', 2, '2020-12-08 12:49:39', '2020-12-08 12:49:39'),
(636, 244, 0, '2020-02', 0, 0, '[]', '[]', '[]', '[]', '[]', '[]', 2, '2020-12-08 12:49:40', '2020-12-08 12:49:40'),
(637, 245, 0, '2020-02', 0, 0, '[]', '[]', '[]', '[]', '[]', '[]', 2, '2020-12-08 12:49:40', '2020-12-08 12:49:40'),
(638, 246, 0, '2020-02', 0, 0, '[]', '[]', '[]', '[]', '[]', '[]', 2, '2020-12-08 12:49:40', '2020-12-08 12:49:40'),
(639, 247, 0, '2020-02', 0, 0, '[]', '[]', '[]', '[]', '[]', '[]', 2, '2020-12-08 12:49:40', '2020-12-08 12:49:40'),
(640, 248, 0, '2020-02', 0, 0, '[]', '[]', '[]', '[]', '[]', '[]', 2, '2020-12-08 12:49:40', '2020-12-08 12:49:40'),
(641, 249, 0, '2020-02', 0, 0, '[]', '[]', '[]', '[]', '[]', '[]', 2, '2020-12-08 12:49:40', '2020-12-08 12:49:40'),
(642, 250, 0, '2020-02', 0, 0, '[]', '[]', '[]', '[]', '[]', '[]', 2, '2020-12-08 12:49:40', '2020-12-08 12:49:40'),
(643, 251, 0, '2020-02', 0, 0, '[]', '[]', '[]', '[]', '[]', '[]', 2, '2020-12-08 12:49:40', '2020-12-08 12:49:40'),
(644, 252, 0, '2020-02', 0, 0, '[]', '[]', '[]', '[]', '[]', '[]', 2, '2020-12-08 12:49:40', '2020-12-08 12:49:40'),
(645, 253, 0, '2020-02', 0, 0, '[]', '[]', '[]', '[]', '[]', '[]', 2, '2020-12-08 12:49:40', '2020-12-08 12:49:40'),
(646, 254, 0, '2020-02', 0, 0, '[]', '[]', '[]', '[]', '[]', '[]', 2, '2020-12-08 12:49:41', '2020-12-08 12:49:41'),
(647, 255, 0, '2020-02', 0, 0, '[]', '[]', '[]', '[]', '[]', '[]', 2, '2020-12-08 12:49:41', '2020-12-08 12:49:41'),
(648, 256, 0, '2020-02', 0, 0, '[]', '[]', '[]', '[]', '[]', '[]', 2, '2020-12-08 12:49:41', '2020-12-08 12:49:41'),
(649, 257, 0, '2020-02', 0, 0, '[]', '[]', '[]', '[]', '[]', '[]', 2, '2020-12-08 12:49:41', '2020-12-08 12:49:41'),
(650, 258, 0, '2020-02', 0, 0, '[]', '[]', '[]', '[]', '[]', '[]', 2, '2020-12-08 12:49:41', '2020-12-08 12:49:41'),
(651, 259, 0, '2020-02', 0, 0, '[]', '[]', '[]', '[]', '[]', '[]', 2, '2020-12-08 12:49:41', '2020-12-08 12:49:41'),
(652, 260, 0, '2020-02', 0, 0, '[]', '[]', '[]', '[]', '[]', '[]', 2, '2020-12-08 12:49:41', '2020-12-08 12:49:41'),
(653, 261, 0, '2020-02', 0, 0, '[]', '[]', '[]', '[]', '[]', '[]', 2, '2020-12-08 12:49:41', '2020-12-08 12:49:41'),
(654, 262, 0, '2020-02', 0, 0, '[]', '[]', '[]', '[]', '[]', '[]', 2, '2020-12-08 12:49:41', '2020-12-08 12:49:41'),
(655, 263, 0, '2020-02', 0, 0, '[]', '[]', '[]', '[]', '[]', '[]', 2, '2020-12-08 12:49:42', '2020-12-08 12:49:42'),
(656, 264, 0, '2020-02', 0, 0, '[]', '[]', '[]', '[]', '[]', '[]', 2, '2020-12-08 12:49:42', '2020-12-08 12:49:42'),
(657, 265, 0, '2020-02', 0, 0, '[]', '[]', '[]', '[]', '[]', '[]', 2, '2020-12-08 12:49:42', '2020-12-08 12:49:42'),
(658, 266, 0, '2020-02', 0, 0, '[]', '[]', '[]', '[]', '[]', '[]', 2, '2020-12-08 12:49:42', '2020-12-08 12:49:42'),
(659, 267, 0, '2020-02', 0, 0, '[]', '[]', '[]', '[]', '[]', '[]', 2, '2020-12-08 12:49:42', '2020-12-08 12:49:42'),
(660, 268, 0, '2020-02', 0, 0, '[]', '[]', '[]', '[]', '[]', '[]', 2, '2020-12-08 12:49:42', '2020-12-08 12:49:42'),
(661, 269, 0, '2020-02', 0, 0, '[]', '[]', '[]', '[]', '[]', '[]', 2, '2020-12-08 12:49:42', '2020-12-08 12:49:42'),
(662, 270, 300, '2020-02', 0, 10000, '[{\"id\":3,\"employee_id\":270,\"allowance_option\":1,\"title\":\"Nil\",\"amount\":\"300.00\",\"created_by\":2,\"created_at\":\"2020-12-08T12:09:55.000000Z\",\"updated_at\":\"2020-12-08T12:09:55.000000Z\"}]', '[]', '[]', '[]', '[]', '[]', 2, '2020-12-08 12:49:42', '2020-12-08 12:49:42'),
(663, 271, 0, '2020-02', 0, 0, '[]', '[]', '[]', '[]', '[]', '[]', 2, '2020-12-08 12:49:42', '2020-12-08 12:49:42'),
(664, 272, 0, '2020-02', 0, 0, '[]', '[]', '[]', '[]', '[]', '[]', 2, '2020-12-08 12:49:43', '2020-12-08 12:49:43'),
(665, 273, 0, '2020-02', 0, 0, '[]', '[]', '[]', '[]', '[]', '[]', 2, '2020-12-08 12:49:43', '2020-12-08 12:49:43'),
(666, 179, 11576, '2020-04', 0, 1001, '[{\"id\":1,\"employee_id\":179,\"allowance_option\":1,\"title\":\"Nil\",\"amount\":\"17000\",\"created_by\":2,\"created_at\":\"2020-11-26T11:21:45.000000Z\",\"updated_at\":\"2020-11-26T11:21:45.000000Z\"},{\"id\":2,\"employee_id\":179,\"allowance_option\":1,\"title\":\"Nil\",\"amount\":\"160.14\",\"created_by\":2,\"created_at\":\"2020-11-26T13:02:49.000000Z\",\"updated_at\":\"2020-11-26T13:02:49.000000Z\"}]', '[{\"id\":1,\"employee_id\":179,\"title\":\"ww\",\"amount\":101,\"created_by\":2,\"created_at\":\"2020-11-26T12:43:40.000000Z\",\"updated_at\":\"2020-11-26T12:43:40.000000Z\"},{\"id\":2,\"employee_id\":179,\"title\":\"dd\",\"amount\":103,\"created_by\":2,\"created_at\":\"2020-11-26T12:44:08.000000Z\",\"updated_at\":\"2020-11-26T12:44:08.000000Z\"},{\"id\":3,\"employee_id\":179,\"title\":\"Test\",\"amount\":104,\"created_by\":2,\"created_at\":\"2020-11-26T12:44:29.000000Z\",\"updated_at\":\"2020-11-26T12:44:29.000000Z\"},{\"id\":4,\"employee_id\":179,\"title\":\"Invoice\",\"amount\":109,\"created_by\":2,\"created_at\":\"2020-11-26T12:46:35.000000Z\",\"updated_at\":\"2020-11-26T12:46:35.000000Z\"}]', '[]', '[{\"id\":1,\"employee_id\":179,\"deduction_option\":1,\"title\":\"Nil\",\"amount\":5000,\"created_by\":2,\"created_at\":\"2020-11-26T11:21:53.000000Z\",\"updated_at\":\"2020-11-26T11:21:53.000000Z\"},{\"id\":2,\"employee_id\":179,\"deduction_option\":1,\"title\":\"Nil\",\"amount\":1001,\"created_by\":2,\"created_at\":\"2020-11-26T12:47:08.000000Z\",\"updated_at\":\"2020-11-26T12:47:08.000000Z\"}]', '[]', '[]', 2, '2020-12-18 14:06:19', '2020-12-18 14:06:19'),
(667, 180, 0, '2020-04', 0, 0, '[]', '[]', '[]', '[]', '[]', '[]', 2, '2020-12-18 14:06:19', '2020-12-18 14:06:19'),
(668, 181, 0, '2020-04', 0, 0, '[]', '[]', '[]', '[]', '[]', '[]', 2, '2020-12-18 14:06:19', '2020-12-18 14:06:19'),
(669, 182, 0, '2020-04', 0, 0, '[]', '[]', '[]', '[]', '[]', '[]', 2, '2020-12-18 14:06:19', '2020-12-18 14:06:19'),
(670, 183, 0, '2020-04', 0, 0, '[]', '[]', '[]', '[]', '[]', '[]', 2, '2020-12-18 14:06:19', '2020-12-18 14:06:19'),
(671, 184, 0, '2020-04', 0, 0, '[]', '[]', '[]', '[]', '[]', '[]', 2, '2020-12-18 14:06:19', '2020-12-18 14:06:19'),
(672, 185, 0, '2020-04', 0, 0, '[]', '[]', '[]', '[]', '[]', '[]', 2, '2020-12-18 14:06:20', '2020-12-18 14:06:20'),
(673, 186, 0, '2020-04', 0, 0, '[]', '[]', '[]', '[]', '[]', '[]', 2, '2020-12-18 14:06:20', '2020-12-18 14:06:20'),
(674, 187, 0, '2020-04', 0, 0, '[]', '[]', '[]', '[]', '[]', '[]', 2, '2020-12-18 14:06:20', '2020-12-18 14:06:20'),
(675, 188, 0, '2020-04', 0, 0, '[]', '[]', '[]', '[]', '[]', '[]', 2, '2020-12-18 14:06:20', '2020-12-18 14:06:20'),
(676, 189, 0, '2020-04', 0, 0, '[]', '[]', '[]', '[]', '[]', '[]', 2, '2020-12-18 14:06:20', '2020-12-18 14:06:20'),
(677, 190, 0, '2020-04', 0, 0, '[]', '[]', '[]', '[]', '[]', '[]', 2, '2020-12-18 14:06:20', '2020-12-18 14:06:20'),
(678, 191, 0, '2020-04', 0, 0, '[]', '[]', '[]', '[]', '[]', '[]', 2, '2020-12-18 14:06:20', '2020-12-18 14:06:20'),
(679, 192, 0, '2020-04', 0, 0, '[]', '[]', '[]', '[]', '[]', '[]', 2, '2020-12-18 14:06:20', '2020-12-18 14:06:20'),
(680, 193, 0, '2020-04', 0, 0, '[]', '[]', '[]', '[]', '[]', '[]', 2, '2020-12-18 14:06:21', '2020-12-18 14:06:21'),
(681, 194, 0, '2020-04', 0, 0, '[]', '[]', '[]', '[]', '[]', '[]', 2, '2020-12-18 14:06:21', '2020-12-18 14:06:21'),
(682, 195, 0, '2020-04', 0, 0, '[]', '[]', '[]', '[]', '[]', '[]', 2, '2020-12-18 14:06:21', '2020-12-18 14:06:21'),
(683, 196, 0, '2020-04', 0, 0, '[]', '[]', '[]', '[]', '[]', '[]', 2, '2020-12-18 14:06:21', '2020-12-18 14:06:21'),
(684, 197, 0, '2020-04', 0, 0, '[]', '[]', '[]', '[]', '[]', '[]', 2, '2020-12-18 14:06:21', '2020-12-18 14:06:21'),
(685, 198, 0, '2020-04', 0, 0, '[]', '[]', '[]', '[]', '[]', '[]', 2, '2020-12-18 14:06:21', '2020-12-18 14:06:21'),
(686, 199, 0, '2020-04', 0, 0, '[]', '[]', '[]', '[]', '[]', '[]', 2, '2020-12-18 14:06:21', '2020-12-18 14:06:21'),
(687, 200, 0, '2020-04', 0, 0, '[]', '[]', '[]', '[]', '[]', '[]', 2, '2020-12-18 14:06:21', '2020-12-18 14:06:21'),
(688, 201, 0, '2020-04', 0, 0, '[]', '[]', '[]', '[]', '[]', '[]', 2, '2020-12-18 14:06:22', '2020-12-18 14:06:22'),
(689, 202, 0, '2020-04', 0, 0, '[]', '[]', '[]', '[]', '[]', '[]', 2, '2020-12-18 14:06:22', '2020-12-18 14:06:22'),
(690, 203, 0, '2020-04', 0, 0, '[]', '[]', '[]', '[]', '[]', '[]', 2, '2020-12-18 14:06:22', '2020-12-18 14:06:22'),
(691, 204, 0, '2020-04', 0, 0, '[]', '[]', '[]', '[]', '[]', '[]', 2, '2020-12-18 14:06:22', '2020-12-18 14:06:22'),
(692, 205, 0, '2020-04', 0, 0, '[]', '[]', '[]', '[]', '[]', '[]', 2, '2020-12-18 14:06:22', '2020-12-18 14:06:22'),
(693, 206, 0, '2020-04', 0, 0, '[]', '[]', '[]', '[]', '[]', '[]', 2, '2020-12-18 14:06:22', '2020-12-18 14:06:22'),
(694, 207, 0, '2020-04', 0, 0, '[]', '[]', '[]', '[]', '[]', '[]', 2, '2020-12-18 14:06:23', '2020-12-18 14:06:23'),
(695, 208, 0, '2020-04', 0, 0, '[]', '[]', '[]', '[]', '[]', '[]', 2, '2020-12-18 14:06:23', '2020-12-18 14:06:23'),
(696, 209, 0, '2020-04', 0, 0, '[]', '[]', '[]', '[]', '[]', '[]', 2, '2020-12-18 14:06:23', '2020-12-18 14:06:23'),
(697, 210, 0, '2020-04', 0, 0, '[]', '[]', '[]', '[]', '[]', '[]', 2, '2020-12-18 14:06:23', '2020-12-18 14:06:23'),
(698, 211, 0, '2020-04', 0, 0, '[]', '[]', '[]', '[]', '[]', '[]', 2, '2020-12-18 14:06:23', '2020-12-18 14:06:23'),
(699, 212, 0, '2020-04', 0, 0, '[]', '[]', '[]', '[]', '[]', '[]', 2, '2020-12-18 14:06:23', '2020-12-18 14:06:23'),
(700, 213, 0, '2020-04', 0, 0, '[]', '[]', '[]', '[]', '[]', '[]', 2, '2020-12-18 14:06:23', '2020-12-18 14:06:23'),
(701, 214, 0, '2020-04', 0, 0, '[]', '[]', '[]', '[]', '[]', '[]', 2, '2020-12-18 14:06:24', '2020-12-18 14:06:24'),
(702, 215, 0, '2020-04', 0, 0, '[]', '[]', '[]', '[]', '[]', '[]', 2, '2020-12-18 14:06:24', '2020-12-18 14:06:24'),
(703, 216, 0, '2020-04', 0, 0, '[]', '[]', '[]', '[]', '[]', '[]', 2, '2020-12-18 14:06:24', '2020-12-18 14:06:24'),
(704, 217, 0, '2020-04', 0, 0, '[]', '[]', '[]', '[]', '[]', '[]', 2, '2020-12-18 14:06:24', '2020-12-18 14:06:24'),
(705, 218, 0, '2020-04', 0, 0, '[]', '[]', '[]', '[]', '[]', '[]', 2, '2020-12-18 14:06:24', '2020-12-18 14:06:24'),
(706, 219, 0, '2020-04', 0, 0, '[]', '[]', '[]', '[]', '[]', '[]', 2, '2020-12-18 14:06:24', '2020-12-18 14:06:24'),
(707, 220, 0, '2020-04', 0, 0, '[]', '[]', '[]', '[]', '[]', '[]', 2, '2020-12-18 14:06:24', '2020-12-18 14:06:24'),
(708, 221, 0, '2020-04', 0, 0, '[]', '[]', '[]', '[]', '[]', '[]', 2, '2020-12-18 14:06:24', '2020-12-18 14:06:24'),
(709, 222, 0, '2020-04', 0, 0, '[]', '[]', '[]', '[]', '[]', '[]', 2, '2020-12-18 14:06:24', '2020-12-18 14:06:24'),
(710, 223, 0, '2020-04', 0, 0, '[]', '[]', '[]', '[]', '[]', '[]', 2, '2020-12-18 14:06:25', '2020-12-18 14:06:25'),
(711, 224, 0, '2020-04', 0, 0, '[]', '[]', '[]', '[]', '[]', '[]', 2, '2020-12-18 14:06:25', '2020-12-18 14:06:25'),
(712, 225, 0, '2020-04', 0, 0, '[]', '[]', '[]', '[]', '[]', '[]', 2, '2020-12-18 14:06:25', '2020-12-18 14:06:25'),
(713, 226, 0, '2020-04', 0, 0, '[]', '[]', '[]', '[]', '[]', '[]', 2, '2020-12-18 14:06:25', '2020-12-18 14:06:25'),
(714, 227, 0, '2020-04', 0, 0, '[]', '[]', '[]', '[]', '[]', '[]', 2, '2020-12-18 14:06:25', '2020-12-18 14:06:25'),
(715, 228, 0, '2020-04', 0, 0, '[]', '[]', '[]', '[]', '[]', '[]', 2, '2020-12-18 14:06:25', '2020-12-18 14:06:25'),
(716, 229, 0, '2020-04', 0, 0, '[]', '[]', '[]', '[]', '[]', '[]', 2, '2020-12-18 14:06:25', '2020-12-18 14:06:25'),
(717, 230, 0, '2020-04', 0, 0, '[]', '[]', '[]', '[]', '[]', '[]', 2, '2020-12-18 14:06:25', '2020-12-18 14:06:25'),
(718, 231, 0, '2020-04', 0, 0, '[]', '[]', '[]', '[]', '[]', '[]', 2, '2020-12-18 14:06:25', '2020-12-18 14:06:25'),
(719, 232, 0, '2020-04', 0, 0, '[]', '[]', '[]', '[]', '[]', '[]', 2, '2020-12-18 14:06:26', '2020-12-18 14:06:26'),
(720, 233, 0, '2020-04', 0, 0, '[]', '[]', '[]', '[]', '[]', '[]', 2, '2020-12-18 14:06:26', '2020-12-18 14:06:26'),
(721, 234, 0, '2020-04', 0, 0, '[]', '[]', '[]', '[]', '[]', '[]', 2, '2020-12-18 14:06:26', '2020-12-18 14:06:26'),
(722, 235, 0, '2020-04', 0, 0, '[]', '[]', '[]', '[]', '[]', '[]', 2, '2020-12-18 14:06:26', '2020-12-18 14:06:26'),
(723, 236, 0, '2020-04', 0, 0, '[]', '[]', '[]', '[]', '[]', '[]', 2, '2020-12-18 14:06:26', '2020-12-18 14:06:26'),
(724, 237, 0, '2020-04', 0, 0, '[]', '[]', '[]', '[]', '[]', '[]', 2, '2020-12-18 14:06:26', '2020-12-18 14:06:26'),
(725, 238, 0, '2020-04', 0, 0, '[]', '[]', '[]', '[]', '[]', '[]', 2, '2020-12-18 14:06:26', '2020-12-18 14:06:26'),
(726, 239, 0, '2020-04', 0, 0, '[]', '[]', '[]', '[]', '[]', '[]', 2, '2020-12-18 14:06:26', '2020-12-18 14:06:26'),
(727, 240, 0, '2020-04', 0, 0, '[]', '[]', '[]', '[]', '[]', '[]', 2, '2020-12-18 14:06:26', '2020-12-18 14:06:26'),
(728, 241, 0, '2020-04', 0, 0, '[]', '[]', '[]', '[]', '[]', '[]', 2, '2020-12-18 14:06:27', '2020-12-18 14:06:27'),
(729, 242, 0, '2020-04', 0, 0, '[]', '[]', '[]', '[]', '[]', '[]', 2, '2020-12-18 14:06:27', '2020-12-18 14:06:27'),
(730, 243, 0, '2020-04', 0, 0, '[]', '[]', '[]', '[]', '[]', '[]', 2, '2020-12-18 14:06:27', '2020-12-18 14:06:27'),
(731, 244, 0, '2020-04', 0, 0, '[]', '[]', '[]', '[]', '[]', '[]', 2, '2020-12-18 14:06:27', '2020-12-18 14:06:27'),
(732, 245, 0, '2020-04', 0, 0, '[]', '[]', '[]', '[]', '[]', '[]', 2, '2020-12-18 14:06:27', '2020-12-18 14:06:27'),
(733, 246, 0, '2020-04', 0, 0, '[]', '[]', '[]', '[]', '[]', '[]', 2, '2020-12-18 14:06:28', '2020-12-18 14:06:28'),
(734, 247, 0, '2020-04', 0, 0, '[]', '[]', '[]', '[]', '[]', '[]', 2, '2020-12-18 14:06:28', '2020-12-18 14:06:28'),
(735, 248, 0, '2020-04', 0, 0, '[]', '[]', '[]', '[]', '[]', '[]', 2, '2020-12-18 14:06:28', '2020-12-18 14:06:28'),
(736, 249, 0, '2020-04', 0, 0, '[]', '[]', '[]', '[]', '[]', '[]', 2, '2020-12-18 14:06:28', '2020-12-18 14:06:28'),
(737, 250, 0, '2020-04', 0, 0, '[]', '[]', '[]', '[]', '[]', '[]', 2, '2020-12-18 14:06:28', '2020-12-18 14:06:28'),
(738, 251, 0, '2020-04', 0, 0, '[]', '[]', '[]', '[]', '[]', '[]', 2, '2020-12-18 14:06:28', '2020-12-18 14:06:28'),
(739, 252, 0, '2020-04', 0, 0, '[]', '[]', '[]', '[]', '[]', '[]', 2, '2020-12-18 14:06:28', '2020-12-18 14:06:28'),
(740, 253, 0, '2020-04', 0, 0, '[]', '[]', '[]', '[]', '[]', '[]', 2, '2020-12-18 14:06:28', '2020-12-18 14:06:28'),
(741, 254, 0, '2020-04', 0, 0, '[]', '[]', '[]', '[]', '[]', '[]', 2, '2020-12-18 14:06:29', '2020-12-18 14:06:29'),
(742, 255, 0, '2020-04', 0, 0, '[]', '[]', '[]', '[]', '[]', '[]', 2, '2020-12-18 14:06:29', '2020-12-18 14:06:29'),
(743, 256, 0, '2020-04', 0, 0, '[]', '[]', '[]', '[]', '[]', '[]', 2, '2020-12-18 14:06:29', '2020-12-18 14:06:29'),
(744, 257, 0, '2020-04', 0, 0, '[]', '[]', '[]', '[]', '[]', '[]', 2, '2020-12-18 14:06:29', '2020-12-18 14:06:29'),
(745, 258, 0, '2020-04', 0, 0, '[]', '[]', '[]', '[]', '[]', '[]', 2, '2020-12-18 14:06:29', '2020-12-18 14:06:29'),
(746, 259, 0, '2020-04', 0, 0, '[]', '[]', '[]', '[]', '[]', '[]', 2, '2020-12-18 14:06:29', '2020-12-18 14:06:29'),
(747, 260, 0, '2020-04', 0, 0, '[]', '[]', '[]', '[]', '[]', '[]', 2, '2020-12-18 14:06:29', '2020-12-18 14:06:29'),
(748, 261, 0, '2020-04', 0, 0, '[]', '[]', '[]', '[]', '[]', '[]', 2, '2020-12-18 14:06:30', '2020-12-18 14:06:30'),
(749, 262, 0, '2020-04', 0, 0, '[]', '[]', '[]', '[]', '[]', '[]', 2, '2020-12-18 14:06:30', '2020-12-18 14:06:30'),
(750, 263, 0, '2020-04', 0, 0, '[]', '[]', '[]', '[]', '[]', '[]', 2, '2020-12-18 14:06:30', '2020-12-18 14:06:30'),
(751, 264, 0, '2020-04', 0, 0, '[]', '[]', '[]', '[]', '[]', '[]', 2, '2020-12-18 14:06:30', '2020-12-18 14:06:30'),
(752, 265, 0, '2020-04', 0, 0, '[]', '[]', '[]', '[]', '[]', '[]', 2, '2020-12-18 14:06:30', '2020-12-18 14:06:30'),
(753, 266, 0, '2020-04', 0, 0, '[]', '[]', '[]', '[]', '[]', '[]', 2, '2020-12-18 14:06:30', '2020-12-18 14:06:30'),
(754, 267, 0, '2020-04', 0, 0, '[]', '[]', '[]', '[]', '[]', '[]', 2, '2020-12-18 14:06:30', '2020-12-18 14:06:30'),
(755, 268, 0, '2020-04', 0, 0, '[]', '[]', '[]', '[]', '[]', '[]', 2, '2020-12-18 14:06:30', '2020-12-18 14:06:30'),
(756, 269, 0, '2020-04', 0, 0, '[]', '[]', '[]', '[]', '[]', '[]', 2, '2020-12-18 14:06:30', '2020-12-18 14:06:30'),
(757, 270, 300, '2020-04', 0, 10000, '[{\"id\":3,\"employee_id\":270,\"allowance_option\":1,\"title\":\"Nil\",\"amount\":\"300.00\",\"created_by\":2,\"created_at\":\"2020-12-08T12:09:55.000000Z\",\"updated_at\":\"2020-12-08T12:09:55.000000Z\"}]', '[]', '[]', '[]', '[]', '[]', 2, '2020-12-18 14:06:31', '2020-12-18 14:06:31'),
(758, 271, 0, '2020-04', 0, 0, '[]', '[]', '[]', '[]', '[]', '[]', 2, '2020-12-18 14:06:31', '2020-12-18 14:06:31'),
(759, 272, 0, '2020-04', 0, 0, '[]', '[]', '[]', '[]', '[]', '[]', 2, '2020-12-18 14:06:31', '2020-12-18 14:06:31'),
(760, 273, 0, '2020-04', 0, 0, '[]', '[]', '[]', '[]', '[]', '[]', 2, '2020-12-18 14:06:31', '2020-12-18 14:06:31');

-- --------------------------------------------------------

--
-- Table structure for table `permissions`
--

CREATE TABLE `permissions` (
  `id` bigint UNSIGNED NOT NULL,
  `name` varchar(255) COLLATE utf8mb4_unicode_ci NOT NULL,
  `guard_name` varchar(255) COLLATE utf8mb4_unicode_ci NOT NULL,
  `created_at` timestamp NULL DEFAULT NULL,
  `updated_at` timestamp NULL DEFAULT NULL
) ENGINE=InnoDB DEFAULT CHARSET=utf8mb4 COLLATE=utf8mb4_unicode_ci;

--
-- Dumping data for table `permissions`
--

INSERT INTO `permissions` (`id`, `name`, `guard_name`, `created_at`, `updated_at`) VALUES
(1, 'Manage User', 'web', '2020-11-24 13:44:04', '2020-11-24 13:44:04'),
(2, 'Create User', 'web', '2020-11-24 13:44:04', '2020-11-24 13:44:04'),
(3, 'Edit User', 'web', '2020-11-24 13:44:04', '2020-11-24 13:44:04'),
(4, 'Delete User', 'web', '2020-11-24 13:44:05', '2020-11-24 13:44:05'),
(5, 'Manage Role', 'web', '2020-11-24 13:44:05', '2020-11-24 13:44:05'),
(6, 'Create Role', 'web', '2020-11-24 13:44:05', '2020-11-24 13:44:05'),
(7, 'Delete Role', 'web', '2020-11-24 13:44:05', '2020-11-24 13:44:05'),
(8, 'Edit Role', 'web', '2020-11-24 13:44:05', '2020-11-24 13:44:05'),
(9, 'Manage Award', 'web', '2020-11-24 13:44:05', '2020-11-24 13:44:05'),
(10, 'Create Award', 'web', '2020-11-24 13:44:05', '2020-11-24 13:44:05'),
(11, 'Delete Award', 'web', '2020-11-24 13:44:06', '2020-11-24 13:44:06'),
(12, 'Edit Award', 'web', '2020-11-24 13:44:06', '2020-11-24 13:44:06'),
(13, 'Manage Transfer', 'web', '2020-11-24 13:44:06', '2020-11-24 13:44:06'),
(14, 'Create Transfer', 'web', '2020-11-24 13:44:06', '2020-11-24 13:44:06'),
(15, 'Delete Transfer', 'web', '2020-11-24 13:44:06', '2020-11-24 13:44:06'),
(16, 'Edit Transfer', 'web', '2020-11-24 13:44:06', '2020-11-24 13:44:06'),
(17, 'Manage Resignation', 'web', '2020-11-24 13:44:06', '2020-11-24 13:44:06'),
(18, 'Create Resignation', 'web', '2020-11-24 13:44:06', '2020-11-24 13:44:06'),
(19, 'Edit Resignation', 'web', '2020-11-24 13:44:06', '2020-11-24 13:44:06'),
(20, 'Delete Resignation', 'web', '2020-11-24 13:44:07', '2020-11-24 13:44:07'),
(21, 'Manage Travel', 'web', '2020-11-24 13:44:07', '2020-11-24 13:44:07'),
(22, 'Create Travel', 'web', '2020-11-24 13:44:07', '2020-11-24 13:44:07'),
(23, 'Edit Travel', 'web', '2020-11-24 13:44:07', '2020-11-24 13:44:07'),
(24, 'Delete Travel', 'web', '2020-11-24 13:44:07', '2020-11-24 13:44:07'),
(25, 'Manage Promotion', 'web', '2020-11-24 13:44:07', '2020-11-24 13:44:07'),
(26, 'Create Promotion', 'web', '2020-11-24 13:44:07', '2020-11-24 13:44:07'),
(27, 'Edit Promotion', 'web', '2020-11-24 13:44:07', '2020-11-24 13:44:07'),
(28, 'Delete Promotion', 'web', '2020-11-24 13:44:08', '2020-11-24 13:44:08'),
(29, 'Manage Complaint', 'web', '2020-11-24 13:44:08', '2020-11-24 13:44:08'),
(30, 'Create Complaint', 'web', '2020-11-24 13:44:08', '2020-11-24 13:44:08'),
(31, 'Edit Complaint', 'web', '2020-11-24 13:44:08', '2020-11-24 13:44:08'),
(32, 'Delete Complaint', 'web', '2020-11-24 13:44:08', '2020-11-24 13:44:08'),
(33, 'Manage Warning', 'web', '2020-11-24 13:44:08', '2020-11-24 13:44:08'),
(34, 'Create Warning', 'web', '2020-11-24 13:44:08', '2020-11-24 13:44:08'),
(35, 'Edit Warning', 'web', '2020-11-24 13:44:09', '2020-11-24 13:44:09'),
(36, 'Delete Warning', 'web', '2020-11-24 13:44:09', '2020-11-24 13:44:09'),
(37, 'Manage Termination', 'web', '2020-11-24 13:44:09', '2020-11-24 13:44:09'),
(38, 'Create Termination', 'web', '2020-11-24 13:44:09', '2020-11-24 13:44:09'),
(39, 'Edit Termination', 'web', '2020-11-24 13:44:09', '2020-11-24 13:44:09'),
(40, 'Delete Termination', 'web', '2020-11-24 13:44:09', '2020-11-24 13:44:09'),
(41, 'Manage Department', 'web', '2020-11-24 13:44:09', '2020-11-24 13:44:09'),
(42, 'Create Department', 'web', '2020-11-24 13:44:09', '2020-11-24 13:44:09'),
(43, 'Edit Department', 'web', '2020-11-24 13:44:10', '2020-11-24 13:44:10'),
(44, 'Delete Department', 'web', '2020-11-24 13:44:10', '2020-11-24 13:44:10'),
(45, 'Manage Designation', 'web', '2020-11-24 13:44:10', '2020-11-24 13:44:10'),
(46, 'Create Designation', 'web', '2020-11-24 13:44:10', '2020-11-24 13:44:10'),
(47, 'Edit Designation', 'web', '2020-11-24 13:44:10', '2020-11-24 13:44:10'),
(48, 'Delete Designation', 'web', '2020-11-24 13:44:10', '2020-11-24 13:44:10'),
(49, 'Manage Document Type', 'web', '2020-11-24 13:44:10', '2020-11-24 13:44:10'),
(50, 'Create Document Type', 'web', '2020-11-24 13:44:10', '2020-11-24 13:44:10'),
(51, 'Edit Document Type', 'web', '2020-11-24 13:44:10', '2020-11-24 13:44:10'),
(52, 'Delete Document Type', 'web', '2020-11-24 13:44:11', '2020-11-24 13:44:11'),
(53, 'Manage Branch', 'web', '2020-11-24 13:44:11', '2020-11-24 13:44:11'),
(54, 'Create Branch', 'web', '2020-11-24 13:44:11', '2020-11-24 13:44:11'),
(55, 'Edit Branch', 'web', '2020-11-24 13:44:11', '2020-11-24 13:44:11'),
(56, 'Delete Branch', 'web', '2020-11-24 13:44:11', '2020-11-24 13:44:11'),
(57, 'Manage Award Type', 'web', '2020-11-24 13:44:11', '2020-11-24 13:44:11'),
(58, 'Create Award Type', 'web', '2020-11-24 13:44:11', '2020-11-24 13:44:11'),
(59, 'Edit Award Type', 'web', '2020-11-24 13:44:11', '2020-11-24 13:44:11'),
(60, 'Delete Award Type', 'web', '2020-11-24 13:44:12', '2020-11-24 13:44:12'),
(61, 'Manage Termination Type', 'web', '2020-11-24 13:44:12', '2020-11-24 13:44:12'),
(62, 'Create Termination Type', 'web', '2020-11-24 13:44:12', '2020-11-24 13:44:12'),
(63, 'Edit Termination Type', 'web', '2020-11-24 13:44:12', '2020-11-24 13:44:12'),
(64, 'Delete Termination Type', 'web', '2020-11-24 13:44:12', '2020-11-24 13:44:12'),
(65, 'Manage Employee', 'web', '2020-11-24 13:44:12', '2020-11-24 13:44:12'),
(66, 'Create Employee', 'web', '2020-11-24 13:44:12', '2020-11-24 13:44:12'),
(67, 'Edit Employee', 'web', '2020-11-24 13:44:12', '2020-11-24 13:44:12'),
(68, 'Delete Employee', 'web', '2020-11-24 13:44:13', '2020-11-24 13:44:13'),
(69, 'Show Employee', 'web', '2020-11-24 13:44:13', '2020-11-24 13:44:13'),
(70, 'Manage Payslip Type', 'web', '2020-11-24 13:44:13', '2020-11-24 13:44:13'),
(71, 'Create Payslip Type', 'web', '2020-11-24 13:44:13', '2020-11-24 13:44:13'),
(72, 'Edit Payslip Type', 'web', '2020-11-24 13:44:13', '2020-11-24 13:44:13'),
(73, 'Delete Payslip Type', 'web', '2020-11-24 13:44:13', '2020-11-24 13:44:13'),
(74, 'Manage Allowance Option', 'web', '2020-11-24 13:44:13', '2020-11-24 13:44:13'),
(75, 'Create Allowance Option', 'web', '2020-11-24 13:44:13', '2020-11-24 13:44:13'),
(76, 'Edit Allowance Option', 'web', '2020-11-24 13:44:14', '2020-11-24 13:44:14'),
(77, 'Delete Allowance Option', 'web', '2020-11-24 13:44:14', '2020-11-24 13:44:14'),
(78, 'Manage Loan Option', 'web', '2020-11-24 13:44:14', '2020-11-24 13:44:14'),
(79, 'Create Loan Option', 'web', '2020-11-24 13:44:14', '2020-11-24 13:44:14'),
(80, 'Edit Loan Option', 'web', '2020-11-24 13:44:14', '2020-11-24 13:44:14'),
(81, 'Delete Loan Option', 'web', '2020-11-24 13:44:14', '2020-11-24 13:44:14'),
(82, 'Manage Deduction Option', 'web', '2020-11-24 13:44:14', '2020-11-24 13:44:14'),
(83, 'Create Deduction Option', 'web', '2020-11-24 13:44:14', '2020-11-24 13:44:14'),
(84, 'Edit Deduction Option', 'web', '2020-11-24 13:44:15', '2020-11-24 13:44:15'),
(85, 'Delete Deduction Option', 'web', '2020-11-24 13:44:15', '2020-11-24 13:44:15'),
(86, 'Manage Set Salary', 'web', '2020-11-24 13:44:15', '2020-11-24 13:44:15'),
(87, 'Create Set Salary', 'web', '2020-11-24 13:44:15', '2020-11-24 13:44:15'),
(88, 'Edit Set Salary', 'web', '2020-11-24 13:44:15', '2020-11-24 13:44:15'),
(89, 'Delete Set Salary', 'web', '2020-11-24 13:44:15', '2020-11-24 13:44:15'),
(90, 'Manage Allowance', 'web', '2020-11-24 13:44:15', '2020-11-24 13:44:15'),
(91, 'Create Allowance', 'web', '2020-11-24 13:44:16', '2020-11-24 13:44:16'),
(92, 'Edit Allowance', 'web', '2020-11-24 13:44:16', '2020-11-24 13:44:16'),
(93, 'Delete Allowance', 'web', '2020-11-24 13:44:16', '2020-11-24 13:44:16'),
(94, 'Create Commission', 'web', '2020-11-24 13:44:16', '2020-11-24 13:44:16'),
(95, 'Create Loan', 'web', '2020-11-24 13:44:16', '2020-11-24 13:44:16'),
(96, 'Create Saturation Deduction', 'web', '2020-11-24 13:44:16', '2020-11-24 13:44:16'),
(97, 'Create Other Payment', 'web', '2020-11-24 13:44:16', '2020-11-24 13:44:16'),
(98, 'Create Overtime', 'web', '2020-11-24 13:44:16', '2020-11-24 13:44:16'),
(99, 'Edit Commission', 'web', '2020-11-24 13:44:17', '2020-11-24 13:44:17'),
(100, 'Delete Commission', 'web', '2020-11-24 13:44:17', '2020-11-24 13:44:17'),
(101, 'Edit Loan', 'web', '2020-11-24 13:44:17', '2020-11-24 13:44:17'),
(102, 'Delete Loan', 'web', '2020-11-24 13:44:17', '2020-11-24 13:44:17'),
(103, 'Edit Saturation Deduction', 'web', '2020-11-24 13:44:17', '2020-11-24 13:44:17'),
(104, 'Delete Saturation Deduction', 'web', '2020-11-24 13:44:17', '2020-11-24 13:44:17'),
(105, 'Edit Other Payment', 'web', '2020-11-24 13:44:17', '2020-11-24 13:44:17'),
(106, 'Delete Other Payment', 'web', '2020-11-24 13:44:18', '2020-11-24 13:44:18'),
(107, 'Edit Overtime', 'web', '2020-11-24 13:44:18', '2020-11-24 13:44:18'),
(108, 'Delete Overtime', 'web', '2020-11-24 13:44:18', '2020-11-24 13:44:18'),
(109, 'Manage Pay Slip', 'web', '2020-11-24 13:44:18', '2020-11-24 13:44:18'),
(110, 'Create Pay Slip', 'web', '2020-11-24 13:44:18', '2020-11-24 13:44:18'),
(111, 'Edit Pay Slip', 'web', '2020-11-24 13:44:18', '2020-11-24 13:44:18'),
(112, 'Delete Pay Slip', 'web', '2020-11-24 13:44:18', '2020-11-24 13:44:18'),
(113, 'Manage Account List', 'web', '2020-11-24 13:44:19', '2020-11-24 13:44:19'),
(114, 'Create Account List', 'web', '2020-11-24 13:44:19', '2020-11-24 13:44:19'),
(115, 'Edit Account List', 'web', '2020-11-24 13:44:19', '2020-11-24 13:44:19'),
(116, 'Delete Account List', 'web', '2020-11-24 13:44:19', '2020-11-24 13:44:19'),
(117, 'View Balance Account List', 'web', '2020-11-24 13:44:19', '2020-11-24 13:44:19'),
(118, 'Manage Payee', 'web', '2020-11-24 13:44:19', '2020-11-24 13:44:19'),
(119, 'Create Payee', 'web', '2020-11-24 13:44:19', '2020-11-24 13:44:19'),
(120, 'Edit Payee', 'web', '2020-11-24 13:44:20', '2020-11-24 13:44:20'),
(121, 'Delete Payee', 'web', '2020-11-24 13:44:20', '2020-11-24 13:44:20'),
(122, 'Manage Payer', 'web', '2020-11-24 13:44:20', '2020-11-24 13:44:20'),
(123, 'Create Payer', 'web', '2020-11-24 13:44:20', '2020-11-24 13:44:20'),
(124, 'Edit Payer', 'web', '2020-11-24 13:44:20', '2020-11-24 13:44:20'),
(125, 'Delete Payer', 'web', '2020-11-24 13:44:20', '2020-11-24 13:44:20'),
(126, 'Manage Expense Type', 'web', '2020-11-24 13:44:20', '2020-11-24 13:44:20'),
(127, 'Create Expense Type', 'web', '2020-11-24 13:44:21', '2020-11-24 13:44:21'),
(128, 'Edit Expense Type', 'web', '2020-11-24 13:44:21', '2020-11-24 13:44:21'),
(129, 'Delete Expense Type', 'web', '2020-11-24 13:44:21', '2020-11-24 13:44:21'),
(130, 'Manage Income Type', 'web', '2020-11-24 13:44:21', '2020-11-24 13:44:21'),
(131, 'Edit Income Type', 'web', '2020-11-24 13:44:21', '2020-11-24 13:44:21'),
(132, 'Delete Income Type', 'web', '2020-11-24 13:44:21', '2020-11-24 13:44:21'),
(133, 'Create Income Type', 'web', '2020-11-24 13:44:21', '2020-11-24 13:44:21'),
(134, 'Manage Payment Type', 'web', '2020-11-24 13:44:22', '2020-11-24 13:44:22'),
(135, 'Create Payment Type', 'web', '2020-11-24 13:44:22', '2020-11-24 13:44:22'),
(136, 'Edit Payment Type', 'web', '2020-11-24 13:44:22', '2020-11-24 13:44:22'),
(137, 'Delete Payment Type', 'web', '2020-11-24 13:44:22', '2020-11-24 13:44:22'),
(138, 'Manage Deposit', 'web', '2020-11-24 13:44:22', '2020-11-24 13:44:22'),
(139, 'Create Deposit', 'web', '2020-11-24 13:44:22', '2020-11-24 13:44:22'),
(140, 'Edit Deposit', 'web', '2020-11-24 13:44:22', '2020-11-24 13:44:22'),
(141, 'Delete Deposit', 'web', '2020-11-24 13:44:23', '2020-11-24 13:44:23'),
(142, 'Manage Expense', 'web', '2020-11-24 13:44:23', '2020-11-24 13:44:23'),
(143, 'Create Expense', 'web', '2020-11-24 13:44:23', '2020-11-24 13:44:23'),
(144, 'Edit Expense', 'web', '2020-11-24 13:44:23', '2020-11-24 13:44:23'),
(145, 'Delete Expense', 'web', '2020-11-24 13:44:23', '2020-11-24 13:44:23'),
(146, 'Manage Transfer Balance', 'web', '2020-11-24 13:44:23', '2020-11-24 13:44:23'),
(147, 'Create Transfer Balance', 'web', '2020-11-24 13:44:23', '2020-11-24 13:44:23'),
(148, 'Edit Transfer Balance', 'web', '2020-11-24 13:44:24', '2020-11-24 13:44:24'),
(149, 'Delete Transfer Balance', 'web', '2020-11-24 13:44:24', '2020-11-24 13:44:24'),
(150, 'Manage Event', 'web', '2020-11-24 13:44:24', '2020-11-24 13:44:24'),
(151, 'Create Event', 'web', '2020-11-24 13:44:24', '2020-11-24 13:44:24'),
(152, 'Edit Event', 'web', '2020-11-24 13:44:24', '2020-11-24 13:44:24'),
(153, 'Delete Event', 'web', '2020-11-24 13:44:24', '2020-11-24 13:44:24'),
(154, 'Manage Announcement', 'web', '2020-11-24 13:44:25', '2020-11-24 13:44:25'),
(155, 'Create Announcement', 'web', '2020-11-24 13:44:25', '2020-11-24 13:44:25'),
(156, 'Edit Announcement', 'web', '2020-11-24 13:44:25', '2020-11-24 13:44:25'),
(157, 'Delete Announcement', 'web', '2020-11-24 13:44:25', '2020-11-24 13:44:25'),
(158, 'Manage Leave Type', 'web', '2020-11-24 13:44:25', '2020-11-24 13:44:25'),
(159, 'Create Leave Type', 'web', '2020-11-24 13:44:25', '2020-11-24 13:44:25'),
(160, 'Edit Leave Type', 'web', '2020-11-24 13:44:25', '2020-11-24 13:44:25'),
(161, 'Delete Leave Type', 'web', '2020-11-24 13:44:26', '2020-11-24 13:44:26'),
(162, 'Manage Leave', 'web', '2020-11-24 13:44:26', '2020-11-24 13:44:26'),
(163, 'Create Leave', 'web', '2020-11-24 13:44:26', '2020-11-24 13:44:26'),
(164, 'Edit Leave', 'web', '2020-11-24 13:44:26', '2020-11-24 13:44:26'),
(165, 'Delete Leave', 'web', '2020-11-24 13:44:26', '2020-11-24 13:44:26'),
(166, 'Manage Meeting', 'web', '2020-11-24 13:44:26', '2020-11-24 13:44:26'),
(167, 'Create Meeting', 'web', '2020-11-24 13:44:26', '2020-11-24 13:44:26'),
(168, 'Edit Meeting', 'web', '2020-11-24 13:44:27', '2020-11-24 13:44:27'),
(169, 'Delete Meeting', 'web', '2020-11-24 13:44:27', '2020-11-24 13:44:27'),
(170, 'Manage Ticket', 'web', '2020-11-24 13:44:27', '2020-11-24 13:44:27'),
(171, 'Create Ticket', 'web', '2020-11-24 13:44:27', '2020-11-24 13:44:27'),
(172, 'Edit Ticket', 'web', '2020-11-24 13:44:27', '2020-11-24 13:44:27'),
(173, 'Delete Ticket', 'web', '2020-11-24 13:44:27', '2020-11-24 13:44:27'),
(174, 'Manage Attendance', 'web', '2020-11-24 13:44:27', '2020-11-24 13:44:27'),
(175, 'Create Attendance', 'web', '2020-11-24 13:44:28', '2020-11-24 13:44:28'),
(176, 'Edit Attendance', 'web', '2020-11-24 13:44:28', '2020-11-24 13:44:28'),
(177, 'Delete Attendance', 'web', '2020-11-24 13:44:28', '2020-11-24 13:44:28'),
(178, 'Manage Language', 'web', '2020-11-24 13:44:28', '2020-11-24 13:44:28'),
(179, 'Create Language', 'web', '2020-11-24 13:44:28', '2020-11-24 13:44:28'),
(180, 'Manage Plan', 'web', '2020-11-24 13:44:28', '2020-11-24 13:44:28'),
(181, 'Create Plan', 'web', '2020-11-24 13:44:28', '2020-11-24 13:44:28'),
(182, 'Edit Plan', 'web', '2020-11-24 13:44:29', '2020-11-24 13:44:29'),
(183, 'Buy Plan', 'web', '2020-11-24 13:44:29', '2020-11-24 13:44:29'),
(184, 'Manage System Settings', 'web', '2020-11-24 13:44:29', '2020-11-24 13:44:29'),
(185, 'Manage Company Settings', 'web', '2020-11-24 13:44:29', '2020-11-24 13:44:29'),
(186, 'Manage TimeSheet', 'web', '2020-11-24 13:44:29', '2020-11-24 13:44:29'),
(187, 'Create TimeSheet', 'web', '2020-11-24 13:44:29', '2020-11-24 13:44:29'),
(188, 'Edit TimeSheet', 'web', '2020-11-24 13:44:29', '2020-11-24 13:44:29'),
(189, 'Delete TimeSheet', 'web', '2020-11-24 13:44:30', '2020-11-24 13:44:30'),
(190, 'Manage Order', 'web', '2020-11-24 13:44:30', '2020-11-24 13:44:30'),
(191, 'manage coupon', 'web', '2020-11-24 13:44:30', '2020-11-24 13:44:30'),
(192, 'create coupon', 'web', '2020-11-24 13:44:30', '2020-11-24 13:44:30'),
(193, 'edit coupon', 'web', '2020-11-24 13:44:30', '2020-11-24 13:44:30'),
(194, 'delete coupon', 'web', '2020-11-24 13:44:30', '2020-11-24 13:44:30'),
(195, 'Manage Assets', 'web', '2020-11-24 13:44:30', '2020-11-24 13:44:30'),
(196, 'Create Assets', 'web', '2020-11-24 13:44:31', '2020-11-24 13:44:31'),
(197, 'Edit Assets', 'web', '2020-11-24 13:44:31', '2020-11-24 13:44:31'),
(198, 'Delete Assets', 'web', '2020-11-24 13:44:31', '2020-11-24 13:44:31'),
(199, 'Manage Document', 'web', '2020-11-24 13:44:31', '2020-11-24 13:44:31'),
(200, 'Create Document', 'web', '2020-11-24 13:44:31', '2020-11-24 13:44:31'),
(201, 'Edit Document', 'web', '2020-11-24 13:44:31', '2020-11-24 13:44:31'),
(202, 'Delete Document', 'web', '2020-11-24 13:44:32', '2020-11-24 13:44:32'),
(203, 'Manage Employee Profile', 'web', '2020-11-24 13:44:32', '2020-11-24 13:44:32'),
(204, 'Show Employee Profile', 'web', '2020-11-24 13:44:32', '2020-11-24 13:44:32'),
(205, 'Manage Employee Last Login', 'web', '2020-11-24 13:44:32', '2020-11-24 13:44:32'),
(206, 'Manage Indicator', 'web', '2020-11-24 13:44:32', '2020-11-24 13:44:32'),
(207, 'Create Indicator', 'web', '2020-11-24 13:44:32', '2020-11-24 13:44:32'),
(208, 'Edit Indicator', 'web', '2020-11-24 13:44:32', '2020-11-24 13:44:32'),
(209, 'Delete Indicator', 'web', '2020-11-24 13:44:33', '2020-11-24 13:44:33'),
(210, 'Show Indicator', 'web', '2020-11-24 13:44:33', '2020-11-24 13:44:33'),
(211, 'Manage Appraisal', 'web', '2020-11-24 13:44:33', '2020-11-24 13:44:33'),
(212, 'Create Appraisal', 'web', '2020-11-24 13:44:33', '2020-11-24 13:44:33'),
(213, 'Edit Appraisal', 'web', '2020-11-24 13:44:33', '2020-11-24 13:44:33'),
(214, 'Delete Appraisal', 'web', '2020-11-24 13:44:33', '2020-11-24 13:44:33'),
(215, 'Show Appraisal', 'web', '2020-11-24 13:44:33', '2020-11-24 13:44:33'),
(216, 'Manage Goal Type', 'web', '2020-11-24 13:44:33', '2020-11-24 13:44:33'),
(217, 'Create Goal Type', 'web', '2020-11-24 13:44:34', '2020-11-24 13:44:34'),
(218, 'Edit Goal Type', 'web', '2020-11-24 13:44:34', '2020-11-24 13:44:34'),
(219, 'Delete Goal Type', 'web', '2020-11-24 13:44:34', '2020-11-24 13:44:34'),
(220, 'Manage Goal Tracking', 'web', '2020-11-24 13:44:34', '2020-11-24 13:44:34'),
(221, 'Create Goal Tracking', 'web', '2020-11-24 13:44:35', '2020-11-24 13:44:35'),
(222, 'Edit Goal Tracking', 'web', '2020-11-24 13:44:35', '2020-11-24 13:44:35'),
(223, 'Delete Goal Tracking', 'web', '2020-11-24 13:44:35', '2020-11-24 13:44:35'),
(224, 'Manage Company Policy', 'web', '2020-11-24 13:44:35', '2020-11-24 13:44:35'),
(225, 'Create Company Policy', 'web', '2020-11-24 13:44:35', '2020-11-24 13:44:35'),
(226, 'Edit Company Policy', 'web', '2020-11-24 13:44:36', '2020-11-24 13:44:36'),
(227, 'Delete Company Policy', 'web', '2020-11-24 13:44:36', '2020-11-24 13:44:36'),
(228, 'Manage Trainer', 'web', '2020-11-24 13:44:36', '2020-11-24 13:44:36'),
(229, 'Create Trainer', 'web', '2020-11-24 13:44:36', '2020-11-24 13:44:36'),
(230, 'Edit Trainer', 'web', '2020-11-24 13:44:36', '2020-11-24 13:44:36'),
(231, 'Delete Trainer', 'web', '2020-11-24 13:44:36', '2020-11-24 13:44:36'),
(232, 'Show Trainer', 'web', '2020-11-24 13:44:36', '2020-11-24 13:44:36'),
(233, 'Manage Training', 'web', '2020-11-24 13:44:37', '2020-11-24 13:44:37'),
(234, 'Create Training', 'web', '2020-11-24 13:44:37', '2020-11-24 13:44:37'),
(235, 'Edit Training', 'web', '2020-11-24 13:44:37', '2020-11-24 13:44:37'),
(236, 'Delete Training', 'web', '2020-11-24 13:44:37', '2020-11-24 13:44:37'),
(237, 'Show Training', 'web', '2020-11-24 13:44:37', '2020-11-24 13:44:37'),
(238, 'Manage Training Type', 'web', '2020-11-24 13:44:37', '2020-11-24 13:44:37'),
(239, 'Create Training Type', 'web', '2020-11-24 13:44:37', '2020-11-24 13:44:37'),
(240, 'Edit Training Type', 'web', '2020-11-24 13:44:38', '2020-11-24 13:44:38'),
(241, 'Delete Training Type', 'web', '2020-11-24 13:44:38', '2020-11-24 13:44:38'),
(242, 'Manage Report', 'web', '2020-11-24 13:44:38', '2020-11-24 13:44:38');

-- --------------------------------------------------------

--
-- Table structure for table `plans`
--

CREATE TABLE `plans` (
  `id` bigint UNSIGNED NOT NULL,
  `name` varchar(100) COLLATE utf8mb4_unicode_ci NOT NULL,
  `price` double(8,2) NOT NULL DEFAULT '0.00',
  `duration` varchar(100) COLLATE utf8mb4_unicode_ci NOT NULL,
  `max_users` int NOT NULL DEFAULT '0',
  `max_employees` int NOT NULL DEFAULT '0',
  `description` text COLLATE utf8mb4_unicode_ci,
  `image` varchar(255) COLLATE utf8mb4_unicode_ci DEFAULT NULL,
  `created_at` timestamp NULL DEFAULT NULL,
  `updated_at` timestamp NULL DEFAULT NULL
) ENGINE=InnoDB DEFAULT CHARSET=utf8mb4 COLLATE=utf8mb4_unicode_ci;

--
-- Dumping data for table `plans`
--

INSERT INTO `plans` (`id`, `name`, `price`, `duration`, `max_users`, `max_employees`, `description`, `image`, `created_at`, `updated_at`) VALUES
(1, 'Free Plan', 0.00, 'Unlimited', 1, 5, NULL, 'free_plan.png', '2020-11-24 13:46:08', '2020-11-24 13:46:08');

-- --------------------------------------------------------

--
-- Table structure for table `promotions`
--

CREATE TABLE `promotions` (
  `id` bigint UNSIGNED NOT NULL,
  `employee_id` int NOT NULL,
  `designation_id` int NOT NULL,
  `promotion_title` varchar(255) COLLATE utf8mb4_unicode_ci NOT NULL,
  `promotion_date` date NOT NULL,
  `description` varchar(255) COLLATE utf8mb4_unicode_ci NOT NULL,
  `created_by` varchar(255) COLLATE utf8mb4_unicode_ci NOT NULL,
  `created_at` timestamp NULL DEFAULT NULL,
  `updated_at` timestamp NULL DEFAULT NULL
) ENGINE=InnoDB DEFAULT CHARSET=utf8mb4 COLLATE=utf8mb4_unicode_ci;

-- --------------------------------------------------------

--
-- Table structure for table `resignations`
--

CREATE TABLE `resignations` (
  `id` bigint UNSIGNED NOT NULL,
  `employee_id` int NOT NULL,
  `notice_date` date NOT NULL,
  `resignation_date` date NOT NULL,
  `description` varchar(255) COLLATE utf8mb4_unicode_ci NOT NULL,
  `super_id` int NOT NULL,
  `document` text COLLATE utf8mb4_unicode_ci NOT NULL,
  `created_by` int NOT NULL,
  `created_at` timestamp NULL DEFAULT NULL,
  `updated_at` timestamp NULL DEFAULT NULL
) ENGINE=InnoDB DEFAULT CHARSET=utf8mb4 COLLATE=utf8mb4_unicode_ci;

-- --------------------------------------------------------

--
-- Table structure for table `roles`
--

CREATE TABLE `roles` (
  `id` bigint UNSIGNED NOT NULL,
  `name` varchar(255) COLLATE utf8mb4_unicode_ci NOT NULL,
  `guard_name` varchar(255) COLLATE utf8mb4_unicode_ci NOT NULL,
  `created_by` int NOT NULL DEFAULT '0',
  `created_at` timestamp NULL DEFAULT NULL,
  `updated_at` timestamp NULL DEFAULT NULL
) ENGINE=InnoDB DEFAULT CHARSET=utf8mb4 COLLATE=utf8mb4_unicode_ci;

--
-- Dumping data for table `roles`
--

INSERT INTO `roles` (`id`, `name`, `guard_name`, `created_by`, `created_at`, `updated_at`) VALUES
(1, 'super admin', 'web', 0, '2020-11-24 13:44:38', '2020-11-24 13:44:38'),
(2, 'company', 'web', 1, '2020-11-24 13:44:41', '2020-11-24 13:44:41'),
(3, 'hr', 'web', 2, '2020-11-24 13:45:23', '2020-11-24 13:45:23'),
(4, 'employee', 'web', 2, '2020-11-24 13:46:00', '2020-11-24 13:46:00');

-- --------------------------------------------------------

--
-- Table structure for table `role_has_permissions`
--

CREATE TABLE `role_has_permissions` (
  `permission_id` bigint UNSIGNED NOT NULL,
  `role_id` bigint UNSIGNED NOT NULL
) ENGINE=InnoDB DEFAULT CHARSET=utf8mb4 COLLATE=utf8mb4_unicode_ci;

--
-- Dumping data for table `role_has_permissions`
--

INSERT INTO `role_has_permissions` (`permission_id`, `role_id`) VALUES
(1, 1),
(2, 1),
(3, 1),
(4, 1),
(5, 1),
(6, 1),
(7, 1),
(8, 1),
(178, 1),
(179, 1),
(180, 1),
(181, 1),
(182, 1),
(184, 1),
(190, 1),
(191, 1),
(192, 1),
(193, 1),
(194, 1),
(1, 2),
(2, 2),
(3, 2),
(4, 2),
(5, 2),
(6, 2),
(7, 2),
(8, 2),
(9, 2),
(10, 2),
(11, 2),
(12, 2),
(13, 2),
(14, 2),
(15, 2),
(16, 2),
(17, 2),
(18, 2),
(19, 2),
(20, 2),
(21, 2),
(22, 2),
(23, 2),
(24, 2),
(25, 2),
(26, 2),
(27, 2),
(28, 2),
(29, 2),
(30, 2),
(31, 2),
(32, 2),
(33, 2),
(34, 2),
(35, 2),
(36, 2),
(37, 2),
(38, 2),
(39, 2),
(40, 2),
(41, 2),
(42, 2),
(43, 2),
(44, 2),
(45, 2),
(46, 2),
(47, 2),
(48, 2),
(49, 2),
(50, 2),
(51, 2),
(52, 2),
(53, 2),
(54, 2),
(55, 2),
(56, 2),
(57, 2),
(58, 2),
(59, 2),
(60, 2),
(61, 2),
(62, 2),
(63, 2),
(64, 2),
(65, 2),
(66, 2),
(67, 2),
(68, 2),
(69, 2),
(70, 2),
(71, 2),
(72, 2),
(73, 2),
(74, 2),
(75, 2),
(76, 2),
(77, 2),
(78, 2),
(79, 2),
(80, 2),
(81, 2),
(82, 2),
(83, 2),
(84, 2),
(85, 2),
(86, 2),
(87, 2),
(88, 2),
(89, 2),
(90, 2),
(91, 2),
(92, 2),
(93, 2),
(94, 2),
(95, 2),
(96, 2),
(97, 2),
(98, 2),
(99, 2),
(100, 2),
(101, 2),
(102, 2),
(103, 2),
(104, 2),
(105, 2),
(106, 2),
(107, 2),
(108, 2),
(109, 2),
(110, 2),
(111, 2),
(112, 2),
(113, 2),
(114, 2),
(115, 2),
(116, 2),
(117, 2),
(118, 2),
(119, 2),
(120, 2),
(121, 2),
(122, 2),
(123, 2),
(124, 2),
(125, 2),
(126, 2),
(127, 2),
(128, 2),
(129, 2),
(130, 2),
(131, 2),
(132, 2),
(133, 2),
(134, 2),
(135, 2),
(136, 2),
(137, 2),
(138, 2),
(139, 2),
(140, 2),
(141, 2),
(142, 2),
(143, 2),
(144, 2),
(145, 2),
(146, 2),
(147, 2),
(148, 2),
(149, 2),
(150, 2),
(151, 2),
(152, 2),
(153, 2),
(154, 2),
(155, 2),
(156, 2),
(157, 2),
(158, 2),
(159, 2),
(160, 2),
(161, 2),
(162, 2),
(163, 2),
(164, 2),
(165, 2),
(166, 2),
(167, 2),
(168, 2),
(169, 2),
(170, 2),
(171, 2),
(172, 2),
(173, 2),
(174, 2),
(175, 2),
(176, 2),
(177, 2),
(178, 2),
(180, 2),
(183, 2),
(185, 2),
(186, 2),
(187, 2),
(188, 2),
(189, 2),
(190, 2),
(195, 2),
(196, 2),
(197, 2),
(198, 2),
(199, 2),
(200, 2),
(201, 2),
(202, 2),
(203, 2),
(204, 2),
(205, 2),
(206, 2),
(207, 2),
(208, 2),
(209, 2),
(210, 2),
(211, 2),
(212, 2),
(213, 2),
(214, 2),
(215, 2),
(216, 2),
(217, 2),
(218, 2),
(219, 2),
(220, 2),
(221, 2),
(222, 2),
(223, 2),
(224, 2),
(225, 2),
(226, 2),
(227, 2),
(228, 2),
(229, 2),
(230, 2),
(231, 2),
(232, 2),
(233, 2),
(234, 2),
(235, 2),
(236, 2),
(237, 2),
(238, 2),
(239, 2),
(240, 2),
(241, 2),
(242, 2),
(1, 3),
(9, 3),
(10, 3),
(11, 3),
(12, 3),
(13, 3),
(14, 3),
(15, 3),
(16, 3),
(17, 3),
(18, 3),
(19, 3),
(20, 3),
(21, 3),
(22, 3),
(23, 3),
(24, 3),
(25, 3),
(26, 3),
(27, 3),
(28, 3),
(29, 3),
(30, 3),
(31, 3),
(32, 3),
(33, 3),
(34, 3),
(35, 3),
(36, 3),
(37, 3),
(38, 3),
(39, 3),
(40, 3),
(41, 3),
(42, 3),
(43, 3),
(44, 3),
(45, 3),
(46, 3),
(47, 3),
(48, 3),
(49, 3),
(50, 3),
(51, 3),
(52, 3),
(53, 3),
(54, 3),
(55, 3),
(56, 3),
(57, 3),
(58, 3),
(59, 3),
(60, 3),
(61, 3),
(62, 3),
(63, 3),
(64, 3),
(65, 3),
(66, 3),
(67, 3),
(68, 3),
(69, 3),
(70, 3),
(71, 3),
(72, 3),
(73, 3),
(74, 3),
(75, 3),
(76, 3),
(77, 3),
(78, 3),
(79, 3),
(80, 3),
(81, 3),
(82, 3),
(83, 3),
(84, 3),
(85, 3),
(86, 3),
(87, 3),
(88, 3),
(89, 3),
(90, 3),
(91, 3),
(92, 3),
(93, 3),
(94, 3),
(95, 3),
(96, 3),
(97, 3),
(98, 3),
(99, 3),
(100, 3),
(101, 3),
(102, 3),
(103, 3),
(104, 3),
(105, 3),
(106, 3),
(107, 3),
(108, 3),
(109, 3),
(110, 3),
(111, 3),
(112, 3),
(150, 3),
(151, 3),
(152, 3),
(153, 3),
(154, 3),
(155, 3),
(156, 3),
(157, 3),
(158, 3),
(159, 3),
(160, 3),
(161, 3),
(162, 3),
(163, 3),
(164, 3),
(165, 3),
(166, 3),
(167, 3),
(168, 3),
(169, 3),
(170, 3),
(171, 3),
(172, 3),
(173, 3),
(174, 3),
(175, 3),
(176, 3),
(177, 3),
(178, 3),
(186, 3),
(187, 3),
(188, 3),
(189, 3),
(195, 3),
(196, 3),
(197, 3),
(198, 3),
(199, 3),
(203, 3),
(204, 3),
(205, 3),
(206, 3),
(207, 3),
(208, 3),
(209, 3),
(210, 3),
(211, 3),
(212, 3),
(213, 3),
(214, 3),
(215, 3),
(216, 3),
(217, 3),
(218, 3),
(219, 3),
(220, 3),
(221, 3),
(222, 3),
(223, 3),
(224, 3),
(225, 3),
(226, 3),
(227, 3),
(228, 3),
(229, 3),
(230, 3),
(231, 3),
(232, 3),
(233, 3),
(234, 3),
(235, 3),
(236, 3),
(237, 3),
(238, 3),
(239, 3),
(240, 3),
(241, 3),
(9, 4),
(13, 4),
(17, 4),
(18, 4),
(19, 4),
(20, 4),
(21, 4),
(25, 4),
(29, 4),
(30, 4),
(31, 4),
(32, 4),
(33, 4),
(34, 4),
(35, 4),
(36, 4),
(37, 4),
(65, 4),
(67, 4),
(69, 4),
(90, 4),
(150, 4),
(154, 4),
(162, 4),
(163, 4),
(164, 4),
(165, 4),
(166, 4),
(170, 4),
(171, 4),
(172, 4),
(173, 4),
(174, 4),
(178, 4),
(186, 4),
(187, 4),
(188, 4),
(189, 4),
(199, 4);

-- --------------------------------------------------------

--
-- Table structure for table `saturation_deductions`
--

CREATE TABLE `saturation_deductions` (
  `id` bigint UNSIGNED NOT NULL,
  `employee_id` int NOT NULL,
  `deduction_option` int NOT NULL,
  `title` varchar(255) COLLATE utf8mb4_unicode_ci NOT NULL,
  `amount` int NOT NULL,
  `created_by` int NOT NULL,
  `created_at` timestamp NULL DEFAULT NULL,
  `updated_at` timestamp NULL DEFAULT NULL
) ENGINE=InnoDB DEFAULT CHARSET=utf8mb4 COLLATE=utf8mb4_unicode_ci;

--
-- Dumping data for table `saturation_deductions`
--

INSERT INTO `saturation_deductions` (`id`, `employee_id`, `deduction_option`, `title`, `amount`, `created_by`, `created_at`, `updated_at`) VALUES
(1, 179, 1, 'Nil', 5000, 2, '2020-11-26 11:21:53', '2020-11-26 11:21:53'),
(2, 179, 1, 'Nil', 1001, 2, '2020-11-26 12:47:08', '2020-11-26 12:47:08');

-- --------------------------------------------------------

--
-- Table structure for table `settings`
--

CREATE TABLE `settings` (
  `id` bigint UNSIGNED NOT NULL,
  `name` varchar(255) COLLATE utf8mb4_unicode_ci NOT NULL,
  `value` varchar(255) COLLATE utf8mb4_unicode_ci NOT NULL,
  `created_by` int NOT NULL,
  `created_at` timestamp NULL DEFAULT NULL,
  `updated_at` timestamp NULL DEFAULT NULL
) ENGINE=InnoDB DEFAULT CHARSET=utf8mb4 COLLATE=utf8mb4_unicode_ci;

-- --------------------------------------------------------

--
-- Table structure for table `set_salaries`
--

CREATE TABLE `set_salaries` (
  `id` bigint UNSIGNED NOT NULL,
  `created_at` timestamp NULL DEFAULT NULL,
  `updated_at` timestamp NULL DEFAULT NULL
) ENGINE=InnoDB DEFAULT CHARSET=utf8mb4 COLLATE=utf8mb4_unicode_ci;

-- --------------------------------------------------------

--
-- Table structure for table `terminations`
--

CREATE TABLE `terminations` (
  `id` bigint UNSIGNED NOT NULL,
  `employee_id` int NOT NULL,
  `notice_date` date NOT NULL,
  `termination_date` date NOT NULL,
  `termination_type` varchar(255) COLLATE utf8mb4_unicode_ci NOT NULL,
  `description` varchar(255) COLLATE utf8mb4_unicode_ci NOT NULL,
  `created_by` int NOT NULL,
  `created_at` timestamp NULL DEFAULT NULL,
  `updated_at` timestamp NULL DEFAULT NULL
) ENGINE=InnoDB DEFAULT CHARSET=utf8mb4 COLLATE=utf8mb4_unicode_ci;

-- --------------------------------------------------------

--
-- Table structure for table `termination_types`
--

CREATE TABLE `termination_types` (
  `id` bigint UNSIGNED NOT NULL,
  `name` varchar(255) COLLATE utf8mb4_unicode_ci NOT NULL,
  `created_by` int NOT NULL,
  `created_at` timestamp NULL DEFAULT NULL,
  `updated_at` timestamp NULL DEFAULT NULL
) ENGINE=InnoDB DEFAULT CHARSET=utf8mb4 COLLATE=utf8mb4_unicode_ci;

-- --------------------------------------------------------

--
-- Table structure for table `tickets`
--

CREATE TABLE `tickets` (
  `id` bigint UNSIGNED NOT NULL,
  `title` varchar(255) COLLATE utf8mb4_unicode_ci NOT NULL,
  `employee_id` int NOT NULL,
  `priority` varchar(255) COLLATE utf8mb4_unicode_ci NOT NULL,
  `end_date` date NOT NULL,
  `description` text COLLATE utf8mb4_unicode_ci,
  `ticket_code` varchar(255) COLLATE utf8mb4_unicode_ci NOT NULL,
  `created_by` int NOT NULL,
  `status` varchar(255) COLLATE utf8mb4_unicode_ci NOT NULL,
  `created_at` timestamp NULL DEFAULT NULL,
  `updated_at` timestamp NULL DEFAULT NULL
) ENGINE=InnoDB DEFAULT CHARSET=utf8mb4 COLLATE=utf8mb4_unicode_ci;

--
-- Dumping data for table `tickets`
--

INSERT INTO `tickets` (`id`, `title`, `employee_id`, `priority`, `end_date`, `description`, `ticket_code`, `created_by`, `status`, `created_at`, `updated_at`) VALUES
(1, 'Test', 259, 'high', '2020-12-09', 'asbbbbbbbbbbb', '111256', 281, 'open', '2020-12-09 10:44:56', '2020-12-09 10:44:56'),
(2, 'Invoice', 190, 'high', '2020-12-11', 'snxnsnx', '111202', 281, 'open', '2020-12-09 10:47:02', '2020-12-09 10:47:02');

-- --------------------------------------------------------

--
-- Table structure for table `ticket_replies`
--

CREATE TABLE `ticket_replies` (
  `id` bigint UNSIGNED NOT NULL,
  `ticket_id` int NOT NULL,
  `employee_id` int NOT NULL,
  `description` varchar(255) COLLATE utf8mb4_unicode_ci NOT NULL,
  `created_by` int NOT NULL,
  `is_read` int NOT NULL DEFAULT '0',
  `created_at` timestamp NULL DEFAULT NULL,
  `updated_at` timestamp NULL DEFAULT NULL
) ENGINE=InnoDB DEFAULT CHARSET=utf8mb4 COLLATE=utf8mb4_unicode_ci;

--
-- Dumping data for table `ticket_replies`
--

INSERT INTO `ticket_replies` (`id`, `ticket_id`, `employee_id`, `description`, `created_by`, `is_read`, `created_at`, `updated_at`) VALUES
(1, 1, 259, 'as anana', 259, 1, '2020-12-09 10:45:36', '2020-12-09 10:51:52'),
(2, 1, 259, 'ssnsns', 281, 1, '2020-12-09 10:46:47', '2020-12-09 10:50:15'),
(3, 2, 190, 'Okay, Understood', 190, 1, '2020-12-09 10:48:00', '2020-12-09 10:48:23');

-- --------------------------------------------------------

--
-- Table structure for table `time_sheets`
--

CREATE TABLE `time_sheets` (
  `id` bigint UNSIGNED NOT NULL,
  `employee_id` int NOT NULL DEFAULT '0',
  `date` date NOT NULL,
  `enddate` date NOT NULL,
  `hours` double(8,2) NOT NULL DEFAULT '0.00',
  `remark` text COLLATE utf8mb4_unicode_ci,
  `created_by` int NOT NULL DEFAULT '0',
  `created_at` timestamp NULL DEFAULT NULL,
  `updated_at` timestamp NULL DEFAULT NULL
) ENGINE=InnoDB DEFAULT CHARSET=utf8mb4 COLLATE=utf8mb4_unicode_ci;

--
-- Dumping data for table `time_sheets`
--

INSERT INTO `time_sheets` (`id`, `employee_id`, `date`, `enddate`, `hours`, `remark`, `created_by`, `created_at`, `updated_at`) VALUES
(1, 0, '2020-12-15', '2020-12-16', 7.00, 'bulk', 2, '2020-12-15 17:34:11', '2020-12-15 17:34:11'),
(2, 0, '2020-12-15', '2020-12-15', 2.00, 'shdbwjdw', 2, '2020-12-15 17:53:03', '2020-12-15 17:53:03'),
(3, 281, '2020-12-15', '2020-12-15', 2.00, 'wdw', 2, '2020-12-15 17:57:05', '2020-12-15 17:57:05');

-- --------------------------------------------------------

--
-- Table structure for table `trainers`
--

CREATE TABLE `trainers` (
  `id` bigint UNSIGNED NOT NULL,
  `branch` varchar(255) COLLATE utf8mb4_unicode_ci NOT NULL,
  `firstname` varchar(255) COLLATE utf8mb4_unicode_ci NOT NULL,
  `lastname` varchar(255) COLLATE utf8mb4_unicode_ci NOT NULL,
  `contact` varchar(255) COLLATE utf8mb4_unicode_ci NOT NULL,
  `email` varchar(255) COLLATE utf8mb4_unicode_ci NOT NULL,
  `address` text COLLATE utf8mb4_unicode_ci,
  `expertise` text COLLATE utf8mb4_unicode_ci,
  `created_by` int NOT NULL,
  `created_at` timestamp NULL DEFAULT NULL,
  `updated_at` timestamp NULL DEFAULT NULL
) ENGINE=InnoDB DEFAULT CHARSET=utf8mb4 COLLATE=utf8mb4_unicode_ci;

-- --------------------------------------------------------

--
-- Table structure for table `trainings`
--

CREATE TABLE `trainings` (
  `id` bigint UNSIGNED NOT NULL,
  `branch` int NOT NULL,
  `trainer_option` int NOT NULL,
  `training_type` int NOT NULL,
  `trainer` int NOT NULL,
  `training_cost` double(8,2) NOT NULL DEFAULT '0.00',
  `employee` int NOT NULL,
  `start_date` date NOT NULL,
  `end_date` date NOT NULL,
  `description` text COLLATE utf8mb4_unicode_ci,
  `performance` int NOT NULL DEFAULT '0',
  `status` int NOT NULL DEFAULT '0',
  `remarks` text COLLATE utf8mb4_unicode_ci,
  `created_by` int NOT NULL,
  `created_at` timestamp NULL DEFAULT NULL,
  `updated_at` timestamp NULL DEFAULT NULL
) ENGINE=InnoDB DEFAULT CHARSET=utf8mb4 COLLATE=utf8mb4_unicode_ci;

-- --------------------------------------------------------

--
-- Table structure for table `training_types`
--

CREATE TABLE `training_types` (
  `id` bigint UNSIGNED NOT NULL,
  `name` varchar(255) COLLATE utf8mb4_unicode_ci NOT NULL,
  `created_by` int NOT NULL,
  `created_at` timestamp NULL DEFAULT NULL,
  `updated_at` timestamp NULL DEFAULT NULL
) ENGINE=InnoDB DEFAULT CHARSET=utf8mb4 COLLATE=utf8mb4_unicode_ci;

-- --------------------------------------------------------

--
-- Table structure for table `transfers`
--

CREATE TABLE `transfers` (
  `id` bigint UNSIGNED NOT NULL,
  `employee_id` int NOT NULL,
  `branch_id` int NOT NULL,
  `department_id` int NOT NULL,
  `transfer_date` date NOT NULL,
  `description` varchar(255) COLLATE utf8mb4_unicode_ci NOT NULL,
  `created_by` varchar(255) COLLATE utf8mb4_unicode_ci NOT NULL,
  `created_at` timestamp NULL DEFAULT NULL,
  `updated_at` timestamp NULL DEFAULT NULL
) ENGINE=InnoDB DEFAULT CHARSET=utf8mb4 COLLATE=utf8mb4_unicode_ci;

-- --------------------------------------------------------

--
-- Table structure for table `transfer_balances`
--

CREATE TABLE `transfer_balances` (
  `id` bigint UNSIGNED NOT NULL,
  `from_account_id` int NOT NULL,
  `to_account_id` int NOT NULL,
  `date` date NOT NULL,
  `amount` int NOT NULL,
  `payment_type_id` int NOT NULL,
  `referal_id` varchar(255) COLLATE utf8mb4_unicode_ci DEFAULT NULL,
  `description` text COLLATE utf8mb4_unicode_ci,
  `created_by` int NOT NULL,
  `created_at` timestamp NULL DEFAULT NULL,
  `updated_at` timestamp NULL DEFAULT NULL
) ENGINE=InnoDB DEFAULT CHARSET=utf8mb4 COLLATE=utf8mb4_unicode_ci;

-- --------------------------------------------------------

--
-- Table structure for table `travels`
--

CREATE TABLE `travels` (
  `id` bigint UNSIGNED NOT NULL,
  `employee_id` int NOT NULL,
  `start_date` date NOT NULL,
  `end_date` date NOT NULL,
  `purpose_of_visit` varchar(255) COLLATE utf8mb4_unicode_ci NOT NULL,
  `place_of_visit` varchar(255) COLLATE utf8mb4_unicode_ci NOT NULL,
  `description` varchar(255) COLLATE utf8mb4_unicode_ci NOT NULL,
  `created_by` varchar(255) COLLATE utf8mb4_unicode_ci NOT NULL,
  `created_at` timestamp NULL DEFAULT NULL,
  `updated_at` timestamp NULL DEFAULT NULL
) ENGINE=InnoDB DEFAULT CHARSET=utf8mb4 COLLATE=utf8mb4_unicode_ci;

-- --------------------------------------------------------

--
-- Table structure for table `units`
--

CREATE TABLE `units` (
  `id` bigint UNSIGNED NOT NULL,
  `name` varchar(255) COLLATE utf8mb4_unicode_ci NOT NULL,
  `created_by` int NOT NULL,
  `created_at` timestamp NULL DEFAULT NULL,
  `updated_at` timestamp NULL DEFAULT NULL
) ENGINE=InnoDB DEFAULT CHARSET=utf8mb4 COLLATE=utf8mb4_unicode_ci;

--
-- Dumping data for table `units`
--

INSERT INTO `units` (`id`, `name`, `created_by`, `created_at`, `updated_at`) VALUES
(1, 'Xoxo Unit', 2, '2020-11-25 04:53:38', '2020-11-25 04:53:38');

-- --------------------------------------------------------

--
-- Table structure for table `users`
--

CREATE TABLE `users` (
  `id` bigint UNSIGNED NOT NULL,
  `name` varchar(255) COLLATE utf8mb4_unicode_ci NOT NULL,
  `email` varchar(255) COLLATE utf8mb4_unicode_ci NOT NULL,
  `email_verified_at` timestamp NULL DEFAULT NULL,
  `password` varchar(255) COLLATE utf8mb4_unicode_ci NOT NULL,
  `type` varchar(255) COLLATE utf8mb4_unicode_ci NOT NULL,
  `avatar` varchar(255) COLLATE utf8mb4_unicode_ci DEFAULT NULL,
  `lang` varchar(255) COLLATE utf8mb4_unicode_ci NOT NULL,
  `plan` int DEFAULT NULL,
  `plan_expire_date` date DEFAULT NULL,
  `last_login` timestamp NULL DEFAULT NULL,
  `is_active` int NOT NULL DEFAULT '1',
  `created_by` varchar(255) COLLATE utf8mb4_unicode_ci NOT NULL,
  `remember_token` varchar(100) COLLATE utf8mb4_unicode_ci DEFAULT NULL,
  `created_at` timestamp NULL DEFAULT NULL,
  `updated_at` timestamp NULL DEFAULT NULL
) ENGINE=InnoDB DEFAULT CHARSET=utf8mb4 COLLATE=utf8mb4_unicode_ci;

--
-- Dumping data for table `users`
--

INSERT INTO `users` (`id`, `name`, `email`, `email_verified_at`, `password`, `type`, `avatar`, `lang`, `plan`, `plan_expire_date`, `last_login`, `is_active`, `created_by`, `remember_token`, `created_at`, `updated_at`) VALUES
(1, 'Super Admin', 'superadmin@example.com', NULL, '$2y$10$5usEAd2cfrU0sAXHWYFSw.1vbSwj/wY9w2.7alkTomSstL.Daka.e', 'super admin', '', 'en', NULL, NULL, '2020-11-25 13:39:36', 1, '0', NULL, '2020-11-24 13:44:41', '2020-11-25 13:39:36'),
(2, 'company', 'company@example.com', NULL, '$2y$10$S1QLAK8vNavAm6BgM.OtGu76S1uq/kLFkltkwQjAf84wQukkmLlsq', 'company', '', 'en', 1, NULL, '2021-01-06 09:45:52', 1, '1', NULL, '2020-11-24 13:45:23', '2021-01-06 09:45:52'),
(3, 'hr', 'hr@example.com', NULL, '$2y$10$s/5i9Vjmr8o4pRPnzssXGOHLsj4PDMd5gh1aI3lqnyTHAA0JBhTyK', 'hr', '', 'en', NULL, NULL, NULL, 1, '2', NULL, '2020-11-24 13:45:59', '2020-11-24 13:45:59'),
(190, 'Quadri Bisola', 'quadebony001@gmail.com', NULL, '$2y$10$IhFiD9jOx2erZrfRMHgBVOlNnOUEZMq7OlSb9He9vEhWLnmW1Zm0q', 'employee', NULL, 'en', NULL, NULL, '2020-12-09 10:47:43', 1, '2', NULL, '2020-11-25 14:42:31', '2020-12-09 10:47:43'),
(191, 'Temitayo Ifeoluwa Taiwo', 't.temitayo@creditassistng.com', NULL, '$2y$10$IhFiD9jOx2erZrfRMHgBVOlNnOUEZMq7OlSb9He9vEhWLnmW1Zm0q', 'employee', NULL, 'en', NULL, NULL, '2020-12-09 10:29:36', 1, '2', NULL, '2020-11-25 14:42:38', '2020-12-09 10:29:36'),
(192, 'Ojo Segun Amos', 's.ojo@creditassistng.com', NULL, '$2y$10$7F7hX6uL86H9qkfFMEmh4uCG6.mk3WDRM/.DzfgULhMCOYJGm2Ore', 'employee', NULL, 'en', NULL, NULL, NULL, 1, '2', NULL, '2020-11-25 14:42:50', '2020-11-25 14:42:50'),
(193, 'Omotosho Caroline Olawumi', 'c.omotosho@creditassistng.com', NULL, '$2y$10$ggjP6F.hwmsyLNN.Edn9j.9Fp.ZJ5nG8hawYKC6O7aYGhWhxinkSi', 'employee', NULL, 'en', NULL, NULL, NULL, 1, '2', NULL, '2020-11-25 14:42:55', '2020-11-25 14:42:55'),
(194, 'Akinwale Falodun', 'akinwalefalodun@gmail.com', NULL, '$2y$10$pIHP36Ci4WbYw40Rzmai.OIJGBzkEzZx3icAGlD7O.SYBeLSp3FZy', 'employee', NULL, 'en', NULL, NULL, NULL, 1, '2', NULL, '2020-11-25 14:42:59', '2020-11-25 14:42:59'),
(195, 'Lasaki Taiwo Ayodeji', 't.lasaki@creditassistng.com', NULL, '$2y$10$rzXKkEHuFeJeoBBU.mtGgOTgff.MfDiQlpycQOt5jhHX5Yj/122te', 'employee', NULL, 'en', NULL, NULL, NULL, 1, '2', NULL, '2020-11-25 14:43:04', '2020-11-25 14:43:04'),
(196, 'Omo Ewelifoh', 'o.ewelifoh@creditassistng.com', NULL, '$2y$10$JUacXvOdm809qrzAnSSLs.w0SlDBsokyBencaegKiINuPlofYssGe', 'employee', NULL, 'en', NULL, NULL, NULL, 1, '2', NULL, '2020-11-25 14:43:08', '2020-11-25 14:43:08'),
(197, 'Adalumo Folakemi Caroline ', 'f.adalumo@creditassistng.com', NULL, '$2y$10$lqoJ58TZuW.Jnxk6PQHuv.MR8jNSGEXTbb2F011Qf0FuXMbVDx8A.', 'employee', NULL, 'en', NULL, NULL, NULL, 1, '2', NULL, '2020-11-25 14:43:13', '2020-11-25 14:43:13'),
(198, 'Ogunmiloro Raymond ', 'r.ogunmiloro@creditassistng.com', NULL, '$2y$10$E.tpy8s3/8vKIC8RCk8IgOF6M8zyvGdMcqufulp3kr89tO3UbU.KK', 'employee', NULL, 'en', NULL, NULL, NULL, 1, '2', NULL, '2020-11-25 14:43:19', '2020-11-25 14:43:19'),
(199, 'Olaosun Oluwabunmi Deborah', 'o.olubunmi@creditassistng.com', NULL, '$2y$10$TQ8fQCH5OGURmcuGbrglXOWwwk2i4Mjy1t.riixXXj3AwA8YgUssK', 'employee', NULL, 'en', NULL, NULL, NULL, 1, '2', NULL, '2020-11-25 14:43:26', '2020-11-25 14:43:26'),
(200, 'Obalusi Peace', 'obalusipeace@gmail.com', NULL, '$2y$10$Zu/Crxrrxdp5wmh2eCKuxeYL6aEd4J7t7MdB6A8gcybPHgjiiPvOK', 'employee', NULL, 'en', NULL, NULL, NULL, 1, '2', NULL, '2020-11-25 14:43:32', '2020-11-25 14:43:32'),
(201, 'Adebayo Olajide', 'j.adebayo@creditassistng.com', NULL, '$2y$10$0qh7x3I08PdZC9JU.dxDoOWTMGiW8m6yh/altlAV.246GZhEGhKIC', 'employee', NULL, 'en', NULL, NULL, NULL, 1, '2', NULL, '2020-11-25 14:43:43', '2020-11-25 14:43:43'),
(202, 'Omotosho Olasukanmi Micheal', 'gonldensaam@gmail.com', NULL, '$2y$10$G8toxSU9gGx6zl78O7Lf8ufJ81AEeeoX832UrzvrnQZjM1R.itNBm', 'employee', NULL, 'en', NULL, NULL, NULL, 1, '2', NULL, '2020-11-25 14:43:49', '2020-11-25 14:43:49'),
(203, 'Abdullahi Hameed', 'hammedabdullahi212@gmail.com', NULL, '$2y$10$7prTUlDQ9GHeui6PVIMGM.5VZQuvqxFTykYsKdF3aq6QD3aaQmxbm', 'employee', NULL, 'en', NULL, NULL, NULL, 1, '2', NULL, '2020-11-25 14:43:53', '2020-11-25 14:43:53'),
(204, 'Adeola Suara', 'adeolasuara@example.com', NULL, '$2y$10$lgqQzF07SG6wT8f9f9eo9OJkWjcaAkODPQH6I3Dgz8rT9RlyeJ1si', 'employee', NULL, 'en', NULL, NULL, NULL, 1, '2', NULL, '2020-11-25 14:43:58', '2020-11-25 14:43:58'),
(205, 'Oyedotun Samuel ', 'sveltesam83@gmail.com', NULL, '$2y$10$g1Yx9pisU7UHM9n4sNcNeei2.FTTSB3xu5mijqXwdrX6XVnho0HnO', 'employee', NULL, 'en', NULL, NULL, NULL, 1, '2', NULL, '2020-11-25 14:44:04', '2020-11-25 14:44:04'),
(206, 'Adeyemi Adedamola', 'damade4u@gmail.com', NULL, '$2y$10$SqF.f3IwSLbnr57BgDS5beBEKFEo2/FonwEolz4ZQHpjkj0jJT0V6', 'employee', NULL, 'en', NULL, NULL, NULL, 1, '2', NULL, '2020-11-25 14:44:08', '2020-11-25 14:44:08'),
(207, 'Babajide Adebayo Adeniji', 'b.adebayo@creditassistng.com', NULL, '$2y$10$gy4rKY78uGktD/dEjMx4/.BXNp2UeQ2HRXn5nB/zTRobVnFG9W/uO', 'employee', NULL, 'en', NULL, NULL, NULL, 1, '2', NULL, '2020-11-25 14:44:12', '2020-11-25 14:44:12'),
(208, 'Dotun Oluwatimileyin Adeagbo', 'd.adeagbo@creditassistng.com', NULL, '$2y$10$FhOYKGs9pLf.kRVdSuXaee9Tf17DoYi2RLz0if0ZYru41hJHFZcri', 'employee', NULL, 'en', NULL, NULL, NULL, 1, '2', NULL, '2020-11-25 14:44:17', '2020-11-25 14:44:17'),
(209, 'Oikeh Tomide', 'tomide77@gmail.com', NULL, '$2y$10$W6TgDNOkWqlzBDYrTZ3KOuBHigNj9eVNEZPSkHw1cqSBlhi7ZTpGS', 'employee', NULL, 'en', NULL, NULL, NULL, 1, '2', NULL, '2020-11-25 14:44:22', '2020-11-25 14:44:22'),
(210, 'Adesokan Mercy Deborah', 'm.adesokan@creditassistng.com', NULL, '$2y$10$QmWa1QRGSRG1CEM7VaBjWO83kZVc.k2bJMcd8Z1YbqeKAcSYP9/Pq', 'employee', NULL, 'en', NULL, NULL, NULL, 1, '2', NULL, '2020-11-25 14:44:27', '2020-11-25 14:44:27'),
(211, 'John Vivian Blessing', 'vivianjohn1007@gmail.com', NULL, '$2y$10$qwM8C2rtKXEln6WD1R4tS.dhQWg7RMo4r4Am4GLxZlKvp2MJAh9EW', 'employee', NULL, 'en', NULL, NULL, NULL, 1, '2', NULL, '2020-11-25 14:44:34', '2020-11-25 14:44:34'),
(212, 'Ogunwole  Damilola Clara ', 'c.ogunwole@creditassistng.com', NULL, '$2y$10$43yMJxqBtK3XmuCRlxAgp.kUO6BqQgEKKn7jHloOpvVJvat79Zv32', 'employee', NULL, 'en', NULL, NULL, NULL, 1, '2', NULL, '2020-11-25 14:44:38', '2020-11-25 14:44:38'),
(213, 'Iji Angella Ogwa', 'a.iji@creditassistng.com', NULL, '$2y$10$huO3bGBSlIHqqKZ8yhEjP.IAZ0xN.o/Q4i0C5R3ZeVhC9Z/18EJ1S', 'employee', NULL, 'en', NULL, NULL, NULL, 1, '2', NULL, '2020-11-25 14:44:41', '2020-11-25 14:44:41'),
(214, 'Adekunle Adebayo Sunday', 'adekunleadebayor13@gmail.com', NULL, '$2y$10$ryog4TSceznzo/6gN4ctBuPrJ23Z5C2kN2o6EfUkNISD8Rmi/aFqe', 'employee', NULL, 'en', NULL, NULL, NULL, 1, '2', NULL, '2020-11-25 14:44:47', '2020-11-25 14:44:47'),
(215, 'Orepekan Esther Olamide ', 'o.orepekan@creditassistng.com', NULL, '$2y$10$170DItzWE4VjD37SKYM/CeG6oIusPzLlZzKPu/U0wyqSjluT4YkQW', 'employee', NULL, 'en', NULL, NULL, NULL, 1, '2', NULL, '2020-11-25 14:44:55', '2020-11-25 14:44:55'),
(216, 'Makanjuola Zainab Fisayo', 'f.makanjuola@creditassistng.com', NULL, '$2y$10$5sp2ON5vkRid5rClsV6Dqetj7D0Ezb2XJ/0U3ohL0q5q0vfRWyb02', 'employee', NULL, 'en', NULL, NULL, NULL, 1, '2', NULL, '2020-11-25 14:44:59', '2020-11-25 14:44:59'),
(217, 'Otuyemi Opeyemi', 'o.otuyemi@creditassistng.com', NULL, '$2y$10$t5xZrEZ6osGWHRFgNvCFp.kzepYsyPj1aTSQDBkN0BO6IdDFulm56', 'employee', NULL, 'en', NULL, NULL, NULL, 1, '2', NULL, '2020-11-25 14:45:03', '2020-11-25 14:45:03'),
(218, 'Shitta-Osho Hakeem Ajibola', 'ajibolashitta01@gmail.com ', NULL, '$2y$10$LIS1AWUQJY/JGlO.zQSY/uYlfAaZJ4eTAh14q0ODwYIpJjM./2/7O', 'employee', NULL, 'en', NULL, NULL, NULL, 1, '2', NULL, '2020-11-25 14:45:08', '2020-11-25 14:45:08'),
(219, 'Bamidele Oyinloluwa Olanrewaju', 'oyinloluwabamidele@gmail.com', NULL, '$2y$10$zwkN.AWF8/QM4Ri/thn3MOXEXupK8tx0bOZk7ece3coDjQaZqOery', 'employee', NULL, 'en', NULL, NULL, NULL, 1, '2', NULL, '2020-11-25 14:45:12', '2020-11-25 14:45:12'),
(220, 'Emamuzo Omokiti', 'e.omokiti@creditassistng.com', NULL, '$2y$10$9exTLEWvj6Falhl8fGAxl.SVc1ePGH1WYfKgw7fSsfMtT07Zfckru', 'employee', NULL, 'en', NULL, NULL, NULL, 1, '2', NULL, '2020-11-25 14:45:19', '2020-11-25 14:45:19'),
(221, 'Olayemi Funmilola Rhoda', 'funmilolaolayemi8@gmail.com', NULL, '$2y$10$kC1mDeXExkvPIJ9Hfw/q7ON5QoQ.f0Z2rJQpWQrzmxVtDkKMnOP6i', 'employee', NULL, 'en', NULL, NULL, NULL, 1, '2', NULL, '2020-11-25 14:45:24', '2020-11-25 14:45:24'),
(222, 'Akande Sukurat Odunola', 'akandesukuratodunolaclassic@gmail.com', NULL, '$2y$10$EUnZc6MaXO0r5vvGoFlN5Oh4SoxwXKW7XZ76ZMA1SiFurajZW1EPa', 'employee', NULL, 'en', NULL, NULL, NULL, 1, '2', NULL, '2020-11-25 14:45:30', '2020-11-25 14:45:30'),
(223, 'Afolabi Damilare Semiu', 'd.afolabi@creditassistng.com', NULL, '$2y$10$j5WBcWlsGf4jUlYfk8ASyuvdFp8Xg1bw09UtlS.Rocl.RKOLaY8Zy', 'employee', NULL, 'en', NULL, NULL, NULL, 1, '2', NULL, '2020-11-25 14:45:34', '2020-11-25 14:45:34'),
(224, 'Olubunmi Tosin  Victor', 't.olubunmi@creditassistng.com', NULL, '$2y$10$WjyZbA1ZjKCpjjylyjdBje8fLQ1xZ3NSvbRNTsAKci56iYuN80hme', 'employee', NULL, 'en', NULL, NULL, NULL, 1, '2', NULL, '2020-11-25 14:45:37', '2020-11-25 14:45:37'),
(225, 'Peace Maurice Emem', 'peace@mail.com', NULL, '$2y$10$w8NmE1QzCvKDSpRTlvnZ5u/cQy6n2NX/9zakyK68GxOVNCS2MS6ea', 'employee', NULL, 'en', NULL, NULL, NULL, 1, '2', NULL, '2020-11-25 14:45:43', '2020-11-25 14:45:43'),
(226, 'Aliyu Mohammed', 'a.mohammed@creditassistng.com', NULL, '$2y$10$q8nU9hOWqXz4G7aATDuoJO5wEZoxov4G0n5TatTv86kFjF2imIqde', 'employee', NULL, 'en', NULL, NULL, NULL, 1, '2', NULL, '2020-11-25 14:45:49', '2020-11-25 14:45:49'),
(227, 'Suleiman Isah Ismail', 'iisulaiman94@gmail.com', NULL, '$2y$10$i8AN7lbyvtts5YjwUtC7qOz8OvbA5Dh82A6sEER5WBqSs8pNiQ5ZW', 'employee', NULL, 'en', NULL, NULL, NULL, 1, '2', NULL, '2020-11-25 14:45:53', '2020-11-25 14:45:53'),
(228, 'Mamuda Suleiman Ahmad', 'mamuda@mail.com', NULL, '$2y$10$ZYug9m5ei8vt3eDiQ1bHguP3RqvpmC3WqQRBlmExFpt1ajoGiXaY.', 'employee', NULL, 'en', NULL, NULL, NULL, 1, '2', NULL, '2020-11-25 14:45:57', '2020-11-25 14:45:57'),
(229, 'Oyedepo Fikayo', 'f.oyedepo@creditassistng.com', NULL, '$2y$10$cZvjeGygqiswxb7fxy.Sk.i/1Xu5eCRLrgEBQBX79vXyNEcEouboa', 'employee', NULL, 'en', NULL, NULL, NULL, 1, '2', NULL, '2020-11-25 14:46:03', '2020-11-25 14:46:03'),
(230, 'Rita Balogun', 'r.balogun@creditassistng.com', NULL, '$2y$10$55vbeVPiB.BG4iGsmyfJ6uZVHibhvUVCAY1wiajQnZ9orRPPe7QL6', 'employee', NULL, 'en', NULL, NULL, NULL, 1, '2', NULL, '2020-11-25 14:46:07', '2020-11-25 14:46:07'),
(231, 'Canaan Etaigbenu', 'c.etai@creditassistng.com', NULL, '$2y$10$5PKXiPR4Ue4KOX/KvxM.meQR8UZ4p6fO8U6MRKRhaIiPaayC1daHm', 'employee', NULL, 'en', NULL, NULL, NULL, 1, '2', NULL, '2020-11-25 14:46:15', '2020-11-25 14:46:15'),
(232, 'Ayeni Opeyemi', 'o.ayeni@creditassistng.com', NULL, '$2y$10$CyrP.C7RtBidtqlzY8aPfuRa/NiJLluad07KacNrhAAa.K8g.dHdq', 'employee', NULL, 'en', NULL, NULL, NULL, 1, '2', NULL, '2020-11-25 14:46:19', '2020-11-25 14:46:19'),
(233, 'Obi Chineye Vivian ', 'c.obi@creditassistng.com', NULL, '$2y$10$v/4PZz.PCcyw3b6NcAOd2.beSC0KrxC09G8jkGSO4ink6DCKeHM.K', 'employee', NULL, 'en', NULL, NULL, NULL, 1, '2', NULL, '2020-11-25 14:46:24', '2020-11-25 14:46:24'),
(234, 'Oikerhe Stephen ', 'stephenoikerhe788@gmail.com', NULL, '$2y$10$BCNoB5fWjS3dgK6SatfiaewVgL3KdW78Gm8Hk1y8EeT1j1lDToyxy', 'employee', NULL, 'en', NULL, NULL, NULL, 1, '2', NULL, '2020-11-25 14:46:29', '2020-11-25 14:46:29'),
(235, 'Ogunleye Folorunsho Isaac', 'f.ogunleye@creditassistng.com', NULL, '$2y$10$zZFFgWSlROY8vlPLRK69WOKWDP5gAe0JDCEOG0ZI71jseqqpz4IEa', 'employee', NULL, 'en', NULL, NULL, NULL, 1, '2', NULL, '2020-11-25 14:46:34', '2020-11-25 14:46:34'),
(236, 'Durojaye Gbenga Samuel ', 'talk2simplesoul@gmail.com', NULL, '$2y$10$Ub/7AGXjESD7lCW4/Ypwle5awTsfoxmGq/AFbrKxHawZIzH2XdSaW', 'employee', NULL, 'en', NULL, NULL, NULL, 1, '2', NULL, '2020-11-25 14:46:42', '2020-11-25 14:46:42'),
(237, 'Orih Wisdom U.', 'w.orih@creditassistng.com', NULL, '$2y$10$1u86R4HHJBtcSF2uPVop/u6mxHg3YUAwnt9VF7WOZArFEl2Y64Wq.', 'employee', NULL, 'en', NULL, NULL, NULL, 1, '2', NULL, '2020-11-25 14:46:48', '2020-11-25 14:46:48'),
(238, 'Muhammad Sulaiman ', 'smsabo86@gmail.com', NULL, '$2y$10$vLW.ukyQAweQ7EOUpRMBWeH8gviO0oxAMQnGPv1HzDcdQql5MwqWy', 'employee', NULL, 'en', NULL, NULL, NULL, 1, '2', NULL, '2020-11-25 14:46:52', '2020-11-25 14:46:52'),
(239, 'Olalude Charles Olorunfemi ', 'c.olalude@creditassistng.com', NULL, '$2y$10$xJDMR7o/wGhuWFvBIzj1qOx8DSW53UYlKG2CWfVP6COud8wHlnDwW', 'employee', NULL, 'en', NULL, NULL, NULL, 1, '2', NULL, '2020-11-25 14:46:56', '2020-11-25 14:46:56'),
(240, 'Shamsu Abubakar Isyaku ', 'shamsuisyaku26@gmail.com', NULL, '$2y$10$dVnEaExUhFI5DPWr7ljSFOnheQvOH4qQY6GgXy3NKFPpQYgWno.8K', 'employee', NULL, 'en', NULL, NULL, NULL, 1, '2', NULL, '2020-11-25 14:47:00', '2020-11-25 14:47:00'),
(241, 'Osofuye Ariyo Adesegun', 'osofuyeariyo@gmail.com', NULL, '$2y$10$tKHae/qHOl2eKJiSTgfvZu3CRLTtwP/hw2kMIYnWLMLeHE4M1cIGS', 'employee', NULL, 'en', NULL, NULL, NULL, 1, '2', NULL, '2020-11-25 14:47:05', '2020-11-25 14:47:05'),
(242, 'Abdulkareem Yusuf  Audu', 'abdulkareemyusuf080@gmail.com', NULL, '$2y$10$/IgR2ttY5ZSD3e0YFzciAur6RSUo3PY5J8GGUV2JSZA6u7dEnBLwi', 'employee', NULL, 'en', NULL, NULL, NULL, 1, '2', NULL, '2020-11-25 14:47:10', '2020-11-25 14:47:10'),
(243, 'Ugbah Isioma', 'i.ugbah@creditassistng.com', NULL, '$2y$10$ScIzhplqCUrUQiCVn08q3.YW0NnszY9Q4Zjr03tXM1nEARTIK.Mre', 'employee', NULL, 'en', NULL, NULL, NULL, 1, '2', NULL, '2020-11-25 14:47:15', '2020-11-25 14:47:15'),
(244, 'Adekeye Oluwatobi Kehinde  ', 'mr.kadekeye@gmail.com', NULL, '$2y$10$DujjiW.QqawZoAJH1mjb.uHbJMemgMSAZuAkR/zbNjBJLEJFsCrWG', 'employee', NULL, 'en', NULL, NULL, NULL, 1, '2', NULL, '2020-11-25 14:47:19', '2020-11-25 14:47:19'),
(245, 'Adeneye Olamilekan A.', 'o.adeneye@creditassistng.com', NULL, '$2y$10$x5V3z5JgUfEFJZxJz14CCOA7QWP4BDegI11PyKgk6pTfm2Wses0l6', 'employee', NULL, 'en', NULL, NULL, NULL, 1, '2', NULL, '2020-11-25 14:47:23', '2020-11-25 14:47:23'),
(246, 'Okosodo Osebhene Magdalene ', 'okosodomagdalene21@gmail.com', NULL, '$2y$10$RkQa22NiHZt4zuQPTiORq.JIjKj0yafHIAZFPp8HU4E5oIHApI91i', 'employee', NULL, 'en', NULL, NULL, NULL, 1, '2', NULL, '2020-11-25 14:47:27', '2020-11-25 14:47:27'),
(247, 'Adeleke Adebayo Victor ', 'adelekeadebayo844@yahoo.com', NULL, '$2y$10$qsQWbBy6OMmGXM/UVwcVpOlIC/AS3.Pgaz.qpMw7k7p5uBTjQLTJa', 'employee', NULL, 'en', NULL, NULL, NULL, 1, '2', NULL, '2020-11-25 14:47:31', '2020-11-25 14:47:31'),
(248, 'Ugochukwu Ejiogu', 'u.ejiogu@creditassistng.com', NULL, '$2y$10$vRvvD0tZY7n3rkvFwBZuvujYKf8vt3Dfr1K8SCs6esUA68LlbwPai', 'employee', NULL, 'en', NULL, NULL, NULL, 1, '2', NULL, '2020-11-25 14:47:36', '2020-11-25 14:47:36'),
(249, 'Osibeluwo  Emmanuel Bolu', 'e.osibeluwo@creditassistng.com', NULL, '$2y$10$bgeui3Al8ahHtI/Y/PNWtek42MtY/irJadLYkxfUa.qNG.pg85miq', 'employee', NULL, 'en', NULL, NULL, NULL, 1, '2', NULL, '2020-11-25 14:47:42', '2020-11-25 14:47:42'),
(250, 'Njimezi Precious', 'p.njimezi@creditassistng.com', NULL, '$2y$10$e.s0SniTjupGwzzgZBmXQeZG04T/Um3t/FNZl.TUKLjUtVTtoslfC', 'employee', NULL, 'en', NULL, NULL, NULL, 1, '2', NULL, '2020-11-25 14:47:47', '2020-11-25 14:47:47'),
(251, 'Morka Ndidi Chukwuka', 'c.morka@creditassistng.com', NULL, '$2y$10$mTCUSHQMiasFq2YicTT8eOMZRuxkkI31pFfs9CIlsap.AbK/UQAoe', 'employee', NULL, 'en', NULL, NULL, NULL, 1, '2', NULL, '2020-11-25 14:47:51', '2020-11-25 14:47:51'),
(252, 'Fatunmbi Tolulope Oluwole', 'tolufatunmbi@gmail.com', NULL, '$2y$10$HvjX7wYXL2f0YC3HD84HNei/1UeJqstP0KmZ.psu6y0Yl8EUVgW5W', 'employee', NULL, 'en', NULL, NULL, NULL, 1, '2', NULL, '2020-11-25 14:47:55', '2020-11-25 14:47:55'),
(253, 'Ogunwole Oluwatobi', 't.ogunwole@creditassistng.com', NULL, '$2y$10$pYKDhiD0bE5gEzNybVR7R.5KhJUjuYjVacZ0ahdUs0V84sWEslJoy', 'employee', NULL, 'en', NULL, NULL, NULL, 1, '2', NULL, '2020-11-25 14:47:59', '2020-11-25 14:47:59'),
(254, 'Olawuyi Ayansola', 'o.ayansola@creditassistng.com', NULL, '$2y$10$OnSFi93JFtSaAO2fGdmfN.BeTTTz2fZsMOZ07ya9Q.F2vtmrhJuLq', 'employee', NULL, 'en', NULL, NULL, NULL, 1, '2', NULL, '2020-11-25 14:48:03', '2020-11-25 14:48:03'),
(255, 'Olajide Solomon Olashina', 's.olajide@creditassistng.com', NULL, '$2y$10$8ha4/M2nwCpKA8ZKUKDsYe9ICKNQm.cz7D0dR0wCekrobajokNBnS', 'employee', NULL, 'en', NULL, NULL, NULL, 1, '2', NULL, '2020-11-25 14:48:07', '2020-11-25 14:48:07'),
(256, 'Michel Kalavander', 'm.kalavander@creditassistng.com', NULL, '$2y$10$oBCHkvo2aWC8rTLj4ccBgOM1HIZHyDe8OfuEWV9bFt.ZAj7o3t12S', 'employee', NULL, 'en', NULL, NULL, NULL, 1, '2', NULL, '2020-11-25 14:48:12', '2020-11-25 14:48:12'),
(257, 'MacDonald Okoh', 'm.okoh@creditassistng.com', NULL, '$2y$10$l6QKMLAByXrM7u0p7YJi7OmT/155MAd77QMbATJ43ZJRE3Ktzai.G', 'employee', NULL, 'en', NULL, NULL, NULL, 1, '2', NULL, '2020-11-25 14:48:20', '2020-11-25 14:48:20'),
(258, 'Ilabeshi Gabriel', 'i.gabriel@creditassistng.com', NULL, '$2y$10$HTmsHp5qDQNrrW.TClI5ZeYSQ5nZ5QyHfEpTp4aF1YgOgkg3igPme', 'employee', NULL, 'en', NULL, NULL, NULL, 1, '2', NULL, '2020-11-25 14:48:25', '2020-11-25 14:48:25'),
(259, 'Eko Ibukun', 'i.eko@creditassistng.com', NULL, '$2y$10$VEpRBJMxhUF3ZNyXkz.HhuMJclYg.ivHsldd/kzAYTqs/tthogLCC', 'employee', NULL, 'en', NULL, NULL, '2020-12-09 10:47:23', 1, '2', NULL, '2020-11-25 14:48:30', '2020-12-09 10:47:23'),
(260, 'Ejike Oluwadamilola Ayomide', 'o.ejike@capitalsage.ng', NULL, '$2y$10$C2kxw6MrITxkpqTiiSXnJOZgkTC65DF2UsWVfth4QsKohR7BCqjOa', 'employee', NULL, 'en', NULL, NULL, NULL, 1, '2', NULL, '2020-11-25 14:48:34', '2020-11-25 14:48:34'),
(261, 'Arowolo Olaide Hope', 'hopearowolo@gmail.com', NULL, '$2y$10$9drBTc8CbvuDXJ6Gj4VHOuKaV9searM1Un5sFSTeDkCXu8mQOcTjW', 'employee', NULL, 'en', NULL, NULL, NULL, 1, '2', NULL, '2020-11-25 14:48:39', '2020-11-25 14:48:39'),
(262, 'Yewande Fatimah Mohammed', 'yewandemohammed31@gmail.com', NULL, '$2y$10$9oqD/czIbp2IidlvEADAY.PtjDZHUHR89Dvs2vbwQ6esabykF/6xq', 'employee', NULL, 'en', NULL, NULL, NULL, 1, '2', NULL, '2020-11-25 14:48:46', '2020-11-25 14:48:46'),
(263, 'Gbadamosi Idris Isaac', 'i.gbadamosi@capitalsage.ng', NULL, '$2y$10$YfeCAQN8qWtTkg06.piZ3..qRvFXwGXVDPNzr64dJmH4j1JC9oTbC', 'employee', NULL, 'en', NULL, NULL, NULL, 1, '2', NULL, '2020-11-25 14:48:51', '2020-11-25 14:48:51'),
(264, 'Ajayi Temitope Adewale', 'youngwayne198@yahoo.com', NULL, '$2y$10$.MGJflH7oCnxhuEXq..j0u1yPcGpm9KWtoLkZxB/4Og9z47YYFc/2', 'employee', NULL, 'en', NULL, NULL, NULL, 1, '2', NULL, '2020-11-25 14:49:01', '2020-11-25 14:49:01'),
(265, 'Adegbola Elizabeth Kehinde', 'adegbolakehinde0@gmail.com', NULL, '$2y$10$x4L0BvaJVDIfoIPP1ATV3ej54yBkyiaUbNtBr7vY/51LNbMenISo.', 'employee', NULL, 'en', NULL, NULL, NULL, 1, '2', NULL, '2020-11-25 14:49:06', '2020-11-25 14:49:06'),
(266, 'Oyedeji Akeem Olakayode', 'hakygold931@gmail.com', NULL, '$2y$10$9WcqqluRaC7Xgygml3BjK.bgC.8v3/I3HtR/FK.2NKvo3weFIc8Yi', 'employee', NULL, 'en', NULL, NULL, NULL, 1, '2', NULL, '2020-11-25 14:49:11', '2020-11-25 14:49:11'),
(267, 'Akande Adeyinka Augustine', 'a.akande@capitalsage.ng', NULL, '$2y$10$z9MOWX8E5aI6Rau4rggS/eKb0iY3MPADSr8L.FpaYNs9rhH99NmlC', 'employee', NULL, 'en', NULL, NULL, NULL, 1, '2', NULL, '2020-11-25 14:49:20', '2020-11-25 14:49:20'),
(268, 'Oluwa Omonigho Effort', 'echoeffort42005@yahoo.com', NULL, '$2y$10$va0ZrGoH859MnI.ouCLZF.e4C9tc/JZ2nU9S4rZZZtqmKDh30B3ES', 'employee', NULL, 'en', NULL, NULL, NULL, 1, '2', NULL, '2020-11-25 14:49:24', '2020-11-25 14:49:24'),
(269, 'Olaore Oladele Saheed', 'olaoreoladele45@gmail.com', NULL, '$2y$10$UfoGblq7EKUIR7a5jW2r5.OCV0eHOSG8gCFsjR7BnVIuXzewYeN3y', 'employee', NULL, 'en', NULL, NULL, NULL, 1, '2', NULL, '2020-11-25 14:49:30', '2020-11-25 14:49:30'),
(270, 'GeorgeEkerette Paul', 'rettegeorge@yahoo.com. ', NULL, '$2y$10$W4XTHPYNbNskO37pfxCv2uMMuG4n0CkXCfM217OgL3V7dihVab6RC', 'employee', NULL, 'en', NULL, NULL, NULL, 1, '2', NULL, '2020-11-25 14:49:34', '2020-11-25 14:49:34'),
(271, 'Shokunbi Afeez Gbolahan', 'shokunbiafeez1@gmail.com', NULL, '$2y$10$DreDdZt7bdxiMbsElZaLDOc7fiY6Kqhi9AL.WTGVdXIWAb58rIAlu', 'employee', NULL, 'en', NULL, NULL, NULL, 1, '2', NULL, '2020-11-25 14:49:41', '2020-11-25 14:49:41'),
(272, 'Azoronyeahu Uchenna Gentle', 'brainking4life@yahoo.com', NULL, '$2y$10$4uy/v7fkVT5mrpBiGgp/Xe55/1mn.k9KvTxPc0HL0UBbvWBl0N9AG', 'employee', NULL, 'en', NULL, NULL, NULL, 1, '2', NULL, '2020-11-25 14:49:45', '2020-11-25 14:49:45'),
(273, 'Isola Inioluwa', 'i.isola@capitalsage.ng', NULL, '$2y$10$XysT.58HmcgXadzpBlLG3ub6GL867VUBDJZ8008mHQ1.idctTOShq', 'employee', NULL, 'en', NULL, NULL, NULL, 1, '2', NULL, '2020-11-25 14:49:53', '2020-11-25 14:49:53'),
(274, 'Adegbite Olaronke', 'olaronkeolaniyi@gmail.com', NULL, '$2y$10$qS2cJXgloZrPvhjkJHDH0OLxxkVYstAM41R8CLbKUSU4HrNeQL6B.', 'employee', NULL, 'en', NULL, NULL, NULL, 1, '2', NULL, '2020-11-25 14:49:59', '2020-11-25 14:49:59'),
(275, 'Dele Ahavi', 'vogueprintz@gmail.com', NULL, '$2y$10$mgKtM1f4sRfMHXobk9Gqv.FPraw3i8NhDFsQ.dmVGqEXvguHCW6KG', 'employee', NULL, 'en', NULL, NULL, NULL, 1, '2', NULL, '2020-11-25 14:50:04', '2020-11-25 14:50:04'),
(276, 'Dunsin Ogunsunmi', 'dammie4u_31@yahoo.com ', NULL, '$2y$10$vtTaumjSslC0091vSm9mJeLa.IXsXE7XnLup4PKMebJ2x1sxZgOA2', 'employee', NULL, 'en', NULL, NULL, NULL, 1, '2', NULL, '2020-11-25 14:50:09', '2020-11-25 14:50:09'),
(277, 'Daramola Ajibola', 'daramolajibola@yahoo.com', NULL, '$2y$10$aapVSOJbzSo5aJ29RnWC2ehBRkm.WZ9eHourFtyqwCxSQvZASl7wC', 'employee', NULL, 'en', NULL, NULL, NULL, 1, '2', NULL, '2020-11-25 14:50:13', '2020-11-25 14:50:13'),
(278, 'Ibrahim Taofeek', 'taofeekadeola@gmail.com', NULL, '$2y$10$pRECujRV3fC0kslTJTvHxOZ4cR6qsKTePqMEyGm8szkh8pYH4xWRu', 'employee', NULL, 'en', NULL, NULL, NULL, 1, '2', NULL, '2020-11-25 14:50:17', '2020-11-25 14:50:17'),
(279, 'Oshindele Tobiloba', 'oshideleoluwatobiloba@gmail.com', NULL, '$2y$10$uyNvF722spOU5/w8TpTIkODkT8TsFqvdVX92ckzGDBAHvu6vyLeRS', 'employee', NULL, 'en', NULL, NULL, NULL, 1, '2', NULL, '2020-11-25 14:50:23', '2020-11-25 14:50:23'),
(280, 'Salako Teslim Akolade ', 'tescointsite@gmail.com', NULL, '$2y$10$UvPSplfWsybgfWjN1DcFMutS3NK/MpfOtwnGvRpAwnPQpMxASmPRm', 'employee', NULL, 'en', NULL, NULL, NULL, 1, '2', NULL, '2020-11-25 14:50:26', '2020-11-25 14:50:26'),
(281, 'Paul Adams', 'adamsohiani@gmail.com', NULL, '$2y$10$IhFiD9jOx2erZrfRMHgBVOlNnOUEZMq7OlSb9He9vEhWLnmW1Zm0q', 'employee', NULL, 'en', NULL, NULL, '2020-12-17 12:37:57', 1, '2', NULL, '2020-11-25 14:50:31', '2020-12-18 14:07:29'),
(282, 'Cleantos', 'cleanto@mail.com', NULL, '$2y$10$mG6LzVZJ4YRFPyeOvB9rdOBegBJTm4Mt/zCyCACAKJ6TQR9O8IG9m', 'employee', NULL, 'en', NULL, NULL, NULL, 1, '2', NULL, '2020-11-25 14:50:38', '2020-11-25 14:50:38'),
(283, 'CleanScrub', 'cleanscrub@mail.com', NULL, '$2y$10$n4hcXno3kXZgRkbFMrUZXuEVqw8lda7auY0ASmvT7UHl3uhfpF/ue', 'employee', NULL, 'en', NULL, NULL, NULL, 1, '2', NULL, '2020-11-25 14:50:43', '2020-11-25 14:50:43'),
(284, 'LightHill Security', 'light@mail.com', NULL, '$2y$10$MQdjoSf2WAXOgXCGmzZ2fuoq47/j.gdBJVhRVKUh/nl7xS/4US3t.', 'employee', NULL, 'en', NULL, NULL, NULL, 1, '2', NULL, '2020-11-25 14:50:48', '2020-11-25 14:50:48');

-- --------------------------------------------------------

--
-- Table structure for table `user_coupons`
--

CREATE TABLE `user_coupons` (
  `id` bigint UNSIGNED NOT NULL,
  `user` int NOT NULL,
  `coupon` int NOT NULL,
  `order` varchar(255) COLLATE utf8mb4_unicode_ci DEFAULT NULL,
  `created_at` timestamp NULL DEFAULT NULL,
  `updated_at` timestamp NULL DEFAULT NULL
) ENGINE=InnoDB DEFAULT CHARSET=utf8mb4 COLLATE=utf8mb4_unicode_ci;

-- --------------------------------------------------------

--
-- Table structure for table `user_passes`
--

CREATE TABLE `user_passes` (
  `id` bigint UNSIGNED NOT NULL,
  `user_id` bigint UNSIGNED NOT NULL,
  `pass` varchar(255) COLLATE utf8mb4_unicode_ci NOT NULL,
  `created_at` timestamp NULL DEFAULT NULL,
  `updated_at` timestamp NULL DEFAULT NULL
) ENGINE=InnoDB DEFAULT CHARSET=utf8mb4 COLLATE=utf8mb4_unicode_ci;

-- --------------------------------------------------------

--
-- Table structure for table `warnings`
--

CREATE TABLE `warnings` (
  `id` bigint UNSIGNED NOT NULL,
  `warning_to` int NOT NULL,
  `warning_by` int NOT NULL,
  `subject` varchar(255) COLLATE utf8mb4_unicode_ci NOT NULL,
  `warning_date` date NOT NULL,
  `description` varchar(255) COLLATE utf8mb4_unicode_ci NOT NULL,
  `created_by` varchar(255) COLLATE utf8mb4_unicode_ci NOT NULL,
  `created_at` timestamp NULL DEFAULT NULL,
  `updated_at` timestamp NULL DEFAULT NULL
) ENGINE=InnoDB DEFAULT CHARSET=utf8mb4 COLLATE=utf8mb4_unicode_ci;

--
-- Indexes for dumped tables
--

--
-- Indexes for table `account_lists`
--
ALTER TABLE `account_lists`
  ADD PRIMARY KEY (`id`);

--
-- Indexes for table `allowances`
--
ALTER TABLE `allowances`
  ADD PRIMARY KEY (`id`);

--
-- Indexes for table `allowance_options`
--
ALTER TABLE `allowance_options`
  ADD PRIMARY KEY (`id`);

--
-- Indexes for table `announcements`
--
ALTER TABLE `announcements`
  ADD PRIMARY KEY (`id`);

--
-- Indexes for table `announcement_employees`
--
ALTER TABLE `announcement_employees`
  ADD PRIMARY KEY (`id`);

--
-- Indexes for table `appraisals`
--
ALTER TABLE `appraisals`
  ADD PRIMARY KEY (`id`);

--
-- Indexes for table `assets`
--
ALTER TABLE `assets`
  ADD PRIMARY KEY (`id`);

--
-- Indexes for table `attendance_employees`
--
ALTER TABLE `attendance_employees`
  ADD PRIMARY KEY (`id`);

--
-- Indexes for table `awards`
--
ALTER TABLE `awards`
  ADD PRIMARY KEY (`id`);

--
-- Indexes for table `award_types`
--
ALTER TABLE `award_types`
  ADD PRIMARY KEY (`id`);

--
-- Indexes for table `branches`
--
ALTER TABLE `branches`
  ADD PRIMARY KEY (`id`);

--
-- Indexes for table `commissions`
--
ALTER TABLE `commissions`
  ADD PRIMARY KEY (`id`);

--
-- Indexes for table `company_policies`
--
ALTER TABLE `company_policies`
  ADD PRIMARY KEY (`id`);

--
-- Indexes for table `complaints`
--
ALTER TABLE `complaints`
  ADD PRIMARY KEY (`id`);

--
-- Indexes for table `coupons`
--
ALTER TABLE `coupons`
  ADD PRIMARY KEY (`id`);

--
-- Indexes for table `deduction_options`
--
ALTER TABLE `deduction_options`
  ADD PRIMARY KEY (`id`);

--
-- Indexes for table `departments`
--
ALTER TABLE `departments`
  ADD PRIMARY KEY (`id`);

--
-- Indexes for table `deposits`
--
ALTER TABLE `deposits`
  ADD PRIMARY KEY (`id`);

--
-- Indexes for table `designations`
--
ALTER TABLE `designations`
  ADD PRIMARY KEY (`id`);

--
-- Indexes for table `documents`
--
ALTER TABLE `documents`
  ADD PRIMARY KEY (`id`);

--
-- Indexes for table `ducument_uploads`
--
ALTER TABLE `ducument_uploads`
  ADD PRIMARY KEY (`id`);

--
-- Indexes for table `employees`
--
ALTER TABLE `employees`
  ADD PRIMARY KEY (`id`);

--
-- Indexes for table `employee_documents`
--
ALTER TABLE `employee_documents`
  ADD PRIMARY KEY (`id`);

--
-- Indexes for table `events`
--
ALTER TABLE `events`
  ADD PRIMARY KEY (`id`);

--
-- Indexes for table `event_employees`
--
ALTER TABLE `event_employees`
  ADD PRIMARY KEY (`id`);

--
-- Indexes for table `expenses`
--
ALTER TABLE `expenses`
  ADD PRIMARY KEY (`id`);

--
-- Indexes for table `expense_types`
--
ALTER TABLE `expense_types`
  ADD PRIMARY KEY (`id`);

--
-- Indexes for table `failed_jobs`
--
ALTER TABLE `failed_jobs`
  ADD PRIMARY KEY (`id`);

--
-- Indexes for table `genrate_payslip_options`
--
ALTER TABLE `genrate_payslip_options`
  ADD PRIMARY KEY (`id`);

--
-- Indexes for table `goal_trackings`
--
ALTER TABLE `goal_trackings`
  ADD PRIMARY KEY (`id`);

--
-- Indexes for table `goal_types`
--
ALTER TABLE `goal_types`
  ADD PRIMARY KEY (`id`);

--
-- Indexes for table `heads`
--
ALTER TABLE `heads`
  ADD PRIMARY KEY (`id`);

--
-- Indexes for table `income_types`
--
ALTER TABLE `income_types`
  ADD PRIMARY KEY (`id`);

--
-- Indexes for table `indicators`
--
ALTER TABLE `indicators`
  ADD PRIMARY KEY (`id`);

--
-- Indexes for table `leaves`
--
ALTER TABLE `leaves`
  ADD PRIMARY KEY (`id`);

--
-- Indexes for table `leave_types`
--
ALTER TABLE `leave_types`
  ADD PRIMARY KEY (`id`);

--
-- Indexes for table `loans`
--
ALTER TABLE `loans`
  ADD PRIMARY KEY (`id`);

--
-- Indexes for table `loan_options`
--
ALTER TABLE `loan_options`
  ADD PRIMARY KEY (`id`);

--
-- Indexes for table `meetings`
--
ALTER TABLE `meetings`
  ADD PRIMARY KEY (`id`);

--
-- Indexes for table `meeting_employees`
--
ALTER TABLE `meeting_employees`
  ADD PRIMARY KEY (`id`);

--
-- Indexes for table `messages`
--
ALTER TABLE `messages`
  ADD PRIMARY KEY (`id`);

--
-- Indexes for table `migrations`
--
ALTER TABLE `migrations`
  ADD PRIMARY KEY (`id`);

--
-- Indexes for table `model_has_permissions`
--
ALTER TABLE `model_has_permissions`
  ADD PRIMARY KEY (`permission_id`,`model_id`,`model_type`),
  ADD KEY `model_has_permissions_model_id_model_type_index` (`model_id`,`model_type`);

--
-- Indexes for table `model_has_roles`
--
ALTER TABLE `model_has_roles`
  ADD PRIMARY KEY (`role_id`,`model_id`,`model_type`),
  ADD KEY `model_has_roles_model_id_model_type_index` (`model_id`,`model_type`);

--
-- Indexes for table `orders`
--
ALTER TABLE `orders`
  ADD PRIMARY KEY (`id`),
  ADD UNIQUE KEY `orders_order_id_unique` (`order_id`);

--
-- Indexes for table `other_payments`
--
ALTER TABLE `other_payments`
  ADD PRIMARY KEY (`id`);

--
-- Indexes for table `overtimes`
--
ALTER TABLE `overtimes`
  ADD PRIMARY KEY (`id`);

--
-- Indexes for table `password_resets`
--
ALTER TABLE `password_resets`
  ADD KEY `password_resets_email_index` (`email`);

--
-- Indexes for table `payees`
--
ALTER TABLE `payees`
  ADD PRIMARY KEY (`id`);

--
-- Indexes for table `payers`
--
ALTER TABLE `payers`
  ADD PRIMARY KEY (`id`);

--
-- Indexes for table `payment_types`
--
ALTER TABLE `payment_types`
  ADD PRIMARY KEY (`id`);

--
-- Indexes for table `payslip_types`
--
ALTER TABLE `payslip_types`
  ADD PRIMARY KEY (`id`);

--
-- Indexes for table `pay_slips`
--
ALTER TABLE `pay_slips`
  ADD PRIMARY KEY (`id`);

--
-- Indexes for table `permissions`
--
ALTER TABLE `permissions`
  ADD PRIMARY KEY (`id`);

--
-- Indexes for table `plans`
--
ALTER TABLE `plans`
  ADD PRIMARY KEY (`id`),
  ADD UNIQUE KEY `plans_name_unique` (`name`);

--
-- Indexes for table `promotions`
--
ALTER TABLE `promotions`
  ADD PRIMARY KEY (`id`);

--
-- Indexes for table `resignations`
--
ALTER TABLE `resignations`
  ADD PRIMARY KEY (`id`);

--
-- Indexes for table `roles`
--
ALTER TABLE `roles`
  ADD PRIMARY KEY (`id`);

--
-- Indexes for table `role_has_permissions`
--
ALTER TABLE `role_has_permissions`
  ADD PRIMARY KEY (`permission_id`,`role_id`),
  ADD KEY `role_has_permissions_role_id_foreign` (`role_id`);

--
-- Indexes for table `saturation_deductions`
--
ALTER TABLE `saturation_deductions`
  ADD PRIMARY KEY (`id`);

--
-- Indexes for table `settings`
--
ALTER TABLE `settings`
  ADD PRIMARY KEY (`id`),
  ADD UNIQUE KEY `settings_name_created_by_unique` (`name`,`created_by`);

--
-- Indexes for table `set_salaries`
--
ALTER TABLE `set_salaries`
  ADD PRIMARY KEY (`id`);

--
-- Indexes for table `terminations`
--
ALTER TABLE `terminations`
  ADD PRIMARY KEY (`id`);

--
-- Indexes for table `termination_types`
--
ALTER TABLE `termination_types`
  ADD PRIMARY KEY (`id`);

--
-- Indexes for table `tickets`
--
ALTER TABLE `tickets`
  ADD PRIMARY KEY (`id`);

--
-- Indexes for table `ticket_replies`
--
ALTER TABLE `ticket_replies`
  ADD PRIMARY KEY (`id`);

--
-- Indexes for table `time_sheets`
--
ALTER TABLE `time_sheets`
  ADD PRIMARY KEY (`id`);

--
-- Indexes for table `trainers`
--
ALTER TABLE `trainers`
  ADD PRIMARY KEY (`id`);

--
-- Indexes for table `trainings`
--
ALTER TABLE `trainings`
  ADD PRIMARY KEY (`id`);

--
-- Indexes for table `training_types`
--
ALTER TABLE `training_types`
  ADD PRIMARY KEY (`id`);

--
-- Indexes for table `transfers`
--
ALTER TABLE `transfers`
  ADD PRIMARY KEY (`id`);

--
-- Indexes for table `transfer_balances`
--
ALTER TABLE `transfer_balances`
  ADD PRIMARY KEY (`id`);

--
-- Indexes for table `travels`
--
ALTER TABLE `travels`
  ADD PRIMARY KEY (`id`);

--
-- Indexes for table `units`
--
ALTER TABLE `units`
  ADD PRIMARY KEY (`id`);

--
-- Indexes for table `users`
--
ALTER TABLE `users`
  ADD PRIMARY KEY (`id`),
  ADD UNIQUE KEY `users_email_unique` (`email`);

--
-- Indexes for table `user_coupons`
--
ALTER TABLE `user_coupons`
  ADD PRIMARY KEY (`id`);

--
-- Indexes for table `user_passes`
--
ALTER TABLE `user_passes`
  ADD PRIMARY KEY (`id`);

--
-- Indexes for table `warnings`
--
ALTER TABLE `warnings`
  ADD PRIMARY KEY (`id`);

--
-- AUTO_INCREMENT for dumped tables
--

--
-- AUTO_INCREMENT for table `account_lists`
--
ALTER TABLE `account_lists`
  MODIFY `id` bigint UNSIGNED NOT NULL AUTO_INCREMENT;

--
-- AUTO_INCREMENT for table `allowances`
--
ALTER TABLE `allowances`
  MODIFY `id` bigint UNSIGNED NOT NULL AUTO_INCREMENT, AUTO_INCREMENT=4;

--
-- AUTO_INCREMENT for table `allowance_options`
--
ALTER TABLE `allowance_options`
  MODIFY `id` bigint UNSIGNED NOT NULL AUTO_INCREMENT, AUTO_INCREMENT=2;

--
-- AUTO_INCREMENT for table `announcements`
--
ALTER TABLE `announcements`
  MODIFY `id` bigint UNSIGNED NOT NULL AUTO_INCREMENT, AUTO_INCREMENT=10;

--
-- AUTO_INCREMENT for table `announcement_employees`
--
ALTER TABLE `announcement_employees`
  MODIFY `id` bigint UNSIGNED NOT NULL AUTO_INCREMENT, AUTO_INCREMENT=565;

--
-- AUTO_INCREMENT for table `appraisals`
--
ALTER TABLE `appraisals`
  MODIFY `id` bigint UNSIGNED NOT NULL AUTO_INCREMENT;

--
-- AUTO_INCREMENT for table `assets`
--
ALTER TABLE `assets`
  MODIFY `id` bigint UNSIGNED NOT NULL AUTO_INCREMENT;

--
-- AUTO_INCREMENT for table `attendance_employees`
--
ALTER TABLE `attendance_employees`
  MODIFY `id` bigint UNSIGNED NOT NULL AUTO_INCREMENT, AUTO_INCREMENT=5;

--
-- AUTO_INCREMENT for table `awards`
--
ALTER TABLE `awards`
  MODIFY `id` bigint UNSIGNED NOT NULL AUTO_INCREMENT;

--
-- AUTO_INCREMENT for table `award_types`
--
ALTER TABLE `award_types`
  MODIFY `id` bigint UNSIGNED NOT NULL AUTO_INCREMENT;

--
-- AUTO_INCREMENT for table `branches`
--
ALTER TABLE `branches`
  MODIFY `id` bigint UNSIGNED NOT NULL AUTO_INCREMENT, AUTO_INCREMENT=2;

--
-- AUTO_INCREMENT for table `commissions`
--
ALTER TABLE `commissions`
  MODIFY `id` bigint UNSIGNED NOT NULL AUTO_INCREMENT, AUTO_INCREMENT=5;

--
-- AUTO_INCREMENT for table `company_policies`
--
ALTER TABLE `company_policies`
  MODIFY `id` bigint UNSIGNED NOT NULL AUTO_INCREMENT;

--
-- AUTO_INCREMENT for table `complaints`
--
ALTER TABLE `complaints`
  MODIFY `id` bigint UNSIGNED NOT NULL AUTO_INCREMENT;

--
-- AUTO_INCREMENT for table `coupons`
--
ALTER TABLE `coupons`
  MODIFY `id` bigint UNSIGNED NOT NULL AUTO_INCREMENT;

--
-- AUTO_INCREMENT for table `deduction_options`
--
ALTER TABLE `deduction_options`
  MODIFY `id` bigint UNSIGNED NOT NULL AUTO_INCREMENT, AUTO_INCREMENT=2;

--
-- AUTO_INCREMENT for table `departments`
--
ALTER TABLE `departments`
  MODIFY `id` bigint UNSIGNED NOT NULL AUTO_INCREMENT, AUTO_INCREMENT=2;

--
-- AUTO_INCREMENT for table `deposits`
--
ALTER TABLE `deposits`
  MODIFY `id` bigint UNSIGNED NOT NULL AUTO_INCREMENT;

--
-- AUTO_INCREMENT for table `designations`
--
ALTER TABLE `designations`
  MODIFY `id` bigint UNSIGNED NOT NULL AUTO_INCREMENT, AUTO_INCREMENT=2;

--
-- AUTO_INCREMENT for table `documents`
--
ALTER TABLE `documents`
  MODIFY `id` bigint UNSIGNED NOT NULL AUTO_INCREMENT, AUTO_INCREMENT=3;

--
-- AUTO_INCREMENT for table `ducument_uploads`
--
ALTER TABLE `ducument_uploads`
  MODIFY `id` bigint UNSIGNED NOT NULL AUTO_INCREMENT;

--
-- AUTO_INCREMENT for table `employees`
--
ALTER TABLE `employees`
  MODIFY `id` bigint UNSIGNED NOT NULL AUTO_INCREMENT, AUTO_INCREMENT=274;

--
-- AUTO_INCREMENT for table `employee_documents`
--
ALTER TABLE `employee_documents`
  MODIFY `id` bigint UNSIGNED NOT NULL AUTO_INCREMENT, AUTO_INCREMENT=5;

--
-- AUTO_INCREMENT for table `events`
--
ALTER TABLE `events`
  MODIFY `id` bigint UNSIGNED NOT NULL AUTO_INCREMENT, AUTO_INCREMENT=2;

--
-- AUTO_INCREMENT for table `event_employees`
--
ALTER TABLE `event_employees`
  MODIFY `id` bigint UNSIGNED NOT NULL AUTO_INCREMENT, AUTO_INCREMENT=2;

--
-- AUTO_INCREMENT for table `expenses`
--
ALTER TABLE `expenses`
  MODIFY `id` bigint UNSIGNED NOT NULL AUTO_INCREMENT;

--
-- AUTO_INCREMENT for table `expense_types`
--
ALTER TABLE `expense_types`
  MODIFY `id` bigint UNSIGNED NOT NULL AUTO_INCREMENT, AUTO_INCREMENT=2;

--
-- AUTO_INCREMENT for table `failed_jobs`
--
ALTER TABLE `failed_jobs`
  MODIFY `id` bigint UNSIGNED NOT NULL AUTO_INCREMENT;

--
-- AUTO_INCREMENT for table `genrate_payslip_options`
--
ALTER TABLE `genrate_payslip_options`
  MODIFY `id` bigint UNSIGNED NOT NULL AUTO_INCREMENT;

--
-- AUTO_INCREMENT for table `goal_trackings`
--
ALTER TABLE `goal_trackings`
  MODIFY `id` bigint UNSIGNED NOT NULL AUTO_INCREMENT;

--
-- AUTO_INCREMENT for table `goal_types`
--
ALTER TABLE `goal_types`
  MODIFY `id` bigint UNSIGNED NOT NULL AUTO_INCREMENT;

--
-- AUTO_INCREMENT for table `heads`
--
ALTER TABLE `heads`
  MODIFY `id` bigint UNSIGNED NOT NULL AUTO_INCREMENT, AUTO_INCREMENT=2;

--
-- AUTO_INCREMENT for table `income_types`
--
ALTER TABLE `income_types`
  MODIFY `id` bigint UNSIGNED NOT NULL AUTO_INCREMENT;

--
-- AUTO_INCREMENT for table `indicators`
--
ALTER TABLE `indicators`
  MODIFY `id` bigint UNSIGNED NOT NULL AUTO_INCREMENT;

--
-- AUTO_INCREMENT for table `leaves`
--
ALTER TABLE `leaves`
  MODIFY `id` bigint UNSIGNED NOT NULL AUTO_INCREMENT, AUTO_INCREMENT=5;

--
-- AUTO_INCREMENT for table `leave_types`
--
ALTER TABLE `leave_types`
  MODIFY `id` bigint UNSIGNED NOT NULL AUTO_INCREMENT, AUTO_INCREMENT=3;

--
-- AUTO_INCREMENT for table `loans`
--
ALTER TABLE `loans`
  MODIFY `id` bigint UNSIGNED NOT NULL AUTO_INCREMENT;

--
-- AUTO_INCREMENT for table `loan_options`
--
ALTER TABLE `loan_options`
  MODIFY `id` bigint UNSIGNED NOT NULL AUTO_INCREMENT, AUTO_INCREMENT=3;

--
-- AUTO_INCREMENT for table `meetings`
--
ALTER TABLE `meetings`
  MODIFY `id` bigint UNSIGNED NOT NULL AUTO_INCREMENT;

--
-- AUTO_INCREMENT for table `meeting_employees`
--
ALTER TABLE `meeting_employees`
  MODIFY `id` bigint UNSIGNED NOT NULL AUTO_INCREMENT;

--
-- AUTO_INCREMENT for table `messages`
--
ALTER TABLE `messages`
  MODIFY `id` bigint UNSIGNED NOT NULL AUTO_INCREMENT, AUTO_INCREMENT=4;

--
-- AUTO_INCREMENT for table `migrations`
--
ALTER TABLE `migrations`
  MODIFY `id` int UNSIGNED NOT NULL AUTO_INCREMENT, AUTO_INCREMENT=77;

--
-- AUTO_INCREMENT for table `orders`
--
ALTER TABLE `orders`
  MODIFY `id` bigint UNSIGNED NOT NULL AUTO_INCREMENT;

--
-- AUTO_INCREMENT for table `other_payments`
--
ALTER TABLE `other_payments`
  MODIFY `id` bigint UNSIGNED NOT NULL AUTO_INCREMENT;

--
-- AUTO_INCREMENT for table `overtimes`
--
ALTER TABLE `overtimes`
  MODIFY `id` bigint UNSIGNED NOT NULL AUTO_INCREMENT;

--
-- AUTO_INCREMENT for table `payees`
--
ALTER TABLE `payees`
  MODIFY `id` bigint UNSIGNED NOT NULL AUTO_INCREMENT;

--
-- AUTO_INCREMENT for table `payers`
--
ALTER TABLE `payers`
  MODIFY `id` bigint UNSIGNED NOT NULL AUTO_INCREMENT;

--
-- AUTO_INCREMENT for table `payment_types`
--
ALTER TABLE `payment_types`
  MODIFY `id` bigint UNSIGNED NOT NULL AUTO_INCREMENT, AUTO_INCREMENT=2;

--
-- AUTO_INCREMENT for table `payslip_types`
--
ALTER TABLE `payslip_types`
  MODIFY `id` bigint UNSIGNED NOT NULL AUTO_INCREMENT, AUTO_INCREMENT=2;

--
-- AUTO_INCREMENT for table `pay_slips`
--
ALTER TABLE `pay_slips`
  MODIFY `id` bigint UNSIGNED NOT NULL AUTO_INCREMENT, AUTO_INCREMENT=761;

--
-- AUTO_INCREMENT for table `permissions`
--
ALTER TABLE `permissions`
  MODIFY `id` bigint UNSIGNED NOT NULL AUTO_INCREMENT, AUTO_INCREMENT=243;

--
-- AUTO_INCREMENT for table `plans`
--
ALTER TABLE `plans`
  MODIFY `id` bigint UNSIGNED NOT NULL AUTO_INCREMENT, AUTO_INCREMENT=2;

--
-- AUTO_INCREMENT for table `promotions`
--
ALTER TABLE `promotions`
  MODIFY `id` bigint UNSIGNED NOT NULL AUTO_INCREMENT;

--
-- AUTO_INCREMENT for table `resignations`
--
ALTER TABLE `resignations`
  MODIFY `id` bigint UNSIGNED NOT NULL AUTO_INCREMENT, AUTO_INCREMENT=3;

--
-- AUTO_INCREMENT for table `roles`
--
ALTER TABLE `roles`
  MODIFY `id` bigint UNSIGNED NOT NULL AUTO_INCREMENT, AUTO_INCREMENT=5;

--
-- AUTO_INCREMENT for table `saturation_deductions`
--
ALTER TABLE `saturation_deductions`
  MODIFY `id` bigint UNSIGNED NOT NULL AUTO_INCREMENT, AUTO_INCREMENT=3;

--
-- AUTO_INCREMENT for table `settings`
--
ALTER TABLE `settings`
  MODIFY `id` bigint UNSIGNED NOT NULL AUTO_INCREMENT;

--
-- AUTO_INCREMENT for table `set_salaries`
--
ALTER TABLE `set_salaries`
  MODIFY `id` bigint UNSIGNED NOT NULL AUTO_INCREMENT;

--
-- AUTO_INCREMENT for table `terminations`
--
ALTER TABLE `terminations`
  MODIFY `id` bigint UNSIGNED NOT NULL AUTO_INCREMENT;

--
-- AUTO_INCREMENT for table `termination_types`
--
ALTER TABLE `termination_types`
  MODIFY `id` bigint UNSIGNED NOT NULL AUTO_INCREMENT;

--
-- AUTO_INCREMENT for table `tickets`
--
ALTER TABLE `tickets`
  MODIFY `id` bigint UNSIGNED NOT NULL AUTO_INCREMENT, AUTO_INCREMENT=3;

--
-- AUTO_INCREMENT for table `ticket_replies`
--
ALTER TABLE `ticket_replies`
  MODIFY `id` bigint UNSIGNED NOT NULL AUTO_INCREMENT, AUTO_INCREMENT=4;

--
-- AUTO_INCREMENT for table `time_sheets`
--
ALTER TABLE `time_sheets`
  MODIFY `id` bigint UNSIGNED NOT NULL AUTO_INCREMENT, AUTO_INCREMENT=4;

--
-- AUTO_INCREMENT for table `trainers`
--
ALTER TABLE `trainers`
  MODIFY `id` bigint UNSIGNED NOT NULL AUTO_INCREMENT;

--
-- AUTO_INCREMENT for table `trainings`
--
ALTER TABLE `trainings`
  MODIFY `id` bigint UNSIGNED NOT NULL AUTO_INCREMENT;

--
-- AUTO_INCREMENT for table `training_types`
--
ALTER TABLE `training_types`
  MODIFY `id` bigint UNSIGNED NOT NULL AUTO_INCREMENT;

--
-- AUTO_INCREMENT for table `transfers`
--
ALTER TABLE `transfers`
  MODIFY `id` bigint UNSIGNED NOT NULL AUTO_INCREMENT;

--
-- AUTO_INCREMENT for table `transfer_balances`
--
ALTER TABLE `transfer_balances`
  MODIFY `id` bigint UNSIGNED NOT NULL AUTO_INCREMENT;

--
-- AUTO_INCREMENT for table `travels`
--
ALTER TABLE `travels`
  MODIFY `id` bigint UNSIGNED NOT NULL AUTO_INCREMENT;

--
-- AUTO_INCREMENT for table `units`
--
ALTER TABLE `units`
  MODIFY `id` bigint UNSIGNED NOT NULL AUTO_INCREMENT, AUTO_INCREMENT=2;

--
-- AUTO_INCREMENT for table `users`
--
ALTER TABLE `users`
  MODIFY `id` bigint UNSIGNED NOT NULL AUTO_INCREMENT, AUTO_INCREMENT=285;

--
-- AUTO_INCREMENT for table `user_coupons`
--
ALTER TABLE `user_coupons`
  MODIFY `id` bigint UNSIGNED NOT NULL AUTO_INCREMENT;

--
-- AUTO_INCREMENT for table `user_passes`
--
ALTER TABLE `user_passes`
  MODIFY `id` bigint UNSIGNED NOT NULL AUTO_INCREMENT;

--
-- AUTO_INCREMENT for table `warnings`
--
ALTER TABLE `warnings`
  MODIFY `id` bigint UNSIGNED NOT NULL AUTO_INCREMENT;

--
-- Constraints for dumped tables
--

--
-- Constraints for table `model_has_permissions`
--
ALTER TABLE `model_has_permissions`
  ADD CONSTRAINT `model_has_permissions_permission_id_foreign` FOREIGN KEY (`permission_id`) REFERENCES `permissions` (`id`) ON DELETE CASCADE;

--
-- Constraints for table `model_has_roles`
--
ALTER TABLE `model_has_roles`
  ADD CONSTRAINT `model_has_roles_role_id_foreign` FOREIGN KEY (`role_id`) REFERENCES `roles` (`id`) ON DELETE CASCADE;

--
-- Constraints for table `role_has_permissions`
--
ALTER TABLE `role_has_permissions`
  ADD CONSTRAINT `role_has_permissions_permission_id_foreign` FOREIGN KEY (`permission_id`) REFERENCES `permissions` (`id`) ON DELETE CASCADE,
  ADD CONSTRAINT `role_has_permissions_role_id_foreign` FOREIGN KEY (`role_id`) REFERENCES `roles` (`id`) ON DELETE CASCADE;
COMMIT;

/*!40101 SET CHARACTER_SET_CLIENT=@OLD_CHARACTER_SET_CLIENT */;
/*!40101 SET CHARACTER_SET_RESULTS=@OLD_CHARACTER_SET_RESULTS */;
/*!40101 SET COLLATION_CONNECTION=@OLD_COLLATION_CONNECTION */;
